[{"model": "admin.logentry", "pk": 1, "fields": {"action_time": "2020-04-09T19:35:06.602Z", "user": 1, "content_type": 7, "object_id": "1", "object_repr": "Main Menu", "action_flag": 1, "change_message": "[{\"added\": {}}, {\"added\": {\"name\": \"menu item\", \"object\": \"MenuItem object (1)\"}}, {\"added\": {\"name\": \"menu item\", \"object\": \"MenuItem object (2)\"}}, {\"added\": {\"name\": \"menu item\", \"object\": \"MenuItem object (3)\"}}, {\"added\": {\"name\": \"menu item\", \"object\": \"MenuItem object (4)\"}}, {\"added\": {\"name\": \"menu item\", \"object\": \"MenuItem object (5)\"}}]"}}, {"model": "admin.logentry", "pk": 2, "fields": {"action_time": "2020-04-09T19:55:00.339Z", "user": 1, "content_type": 9, "object_id": "1", "object_repr": "/", "action_flag": 1, "change_message": "[{\"added\": {}}]"}}, {"model": "admin.logentry", "pk": 3, "fields": {"action_time": "2020-04-09T19:55:45.881Z", "user": 1, "content_type": 10, "object_id": "1", "object_repr": "Home", "action_flag": 1, "change_message": "[{\"added\": {}}]"}}, {"model": "admin.logentry", "pk": 4, "fields": {"action_time": "2020-04-09T19:56:57.848Z", "user": 1, "content_type": 10, "object_id": "2", "object_repr": "Properties", "action_flag": 1, "change_message": "[{\"added\": {}}]"}}, {"model": "admin.logentry", "pk": 5, "fields": {"action_time": "2020-04-09T19:58:13.638Z", "user": 1, "content_type": 10, "object_id": "3", "object_repr": "Property Listings", "action_flag": 1, "change_message": "[{\"added\": {}}]"}}, {"model": "admin.logentry", "pk": 6, "fields": {"action_time": "2020-04-09T19:58:55.949Z", "user": 1, "content_type": 10, "object_id": "4", "object_repr": "Property Details", "action_flag": 1, "change_message": "[{\"added\": {}}]"}}, {"model": "admin.logentry", "pk": 7, "fields": {"action_time": "2020-04-09T19:59:11.293Z", "user": 1, "content_type": 10, "object_id": "5", "object_repr": "Others", "action_flag": 1, "change_message": "[{\"added\": {}}]"}}, {"model": "admin.logentry", "pk": 8, "fields": {"action_time": "2020-04-09T19:59:34.064Z", "user": 1, "content_type": 10, "object_id": "6", "object_repr": "List Style 1", "action_flag": 1, "change_message": "[{\"added\": {}}]"}}, {"model": "admin.logentry", "pk": 9, "fields": {"action_time": "2020-04-09T19:59:46.321Z", "user": 1, "content_type": 10, "object_id": "7", "object_repr": "List Style 2", "action_flag": 1, "change_message": "[{\"added\": {}}]"}}, {"model": "admin.logentry", "pk": 10, "fields": {"action_time": "2020-04-09T19:59:57.524Z", "user": 1, "content_type": 10, "object_id": "8", "object_repr": "List Style 3", "action_flag": 1, "change_message": "[{\"added\": {}}]"}}, {"model": "admin.logentry", "pk": 11, "fields": {"action_time": "2020-04-09T23:21:15.733Z", "user": 1, "content_type": 9, "object_id": "1", "object_repr": "/", "action_flag": 2, "change_message": "[{\"changed\": {\"fields\": [\"Title\"]}}]"}}, {"model": "admin.logentry", "pk": 12, "fields": {"action_time": "2020-04-09T23:21:40.918Z", "user": 1, "content_type": 9, "object_id": "1", "object_repr": "menu", "action_flag": 2, "change_message": "[{\"changed\": {\"fields\": [\"Alias\"]}}]"}}, {"model": "admin.logentry", "pk": 13, "fields": {"action_time": "2020-04-11T09:44:24.391Z", "user": 1, "content_type": 10, "object_id": "6", "object_repr": "PL 1", "action_flag": 2, "change_message": "[{\"changed\": {\"fields\": [\"parent\", \"Title\"]}}]"}}, {"model": "admin.logentry", "pk": 14, "fields": {"action_time": "2020-04-11T09:44:33.732Z", "user": 1, "content_type": 10, "object_id": "7", "object_repr": "PL 2", "action_flag": 2, "change_message": "[{\"changed\": {\"fields\": [\"parent\", \"Title\"]}}]"}}, {"model": "admin.logentry", "pk": 15, "fields": {"action_time": "2020-04-11T09:44:42.782Z", "user": 1, "content_type": 10, "object_id": "8", "object_repr": "PL 3", "action_flag": 2, "change_message": "[{\"changed\": {\"fields\": [\"parent\", \"Title\"]}}]"}}, {"model": "admin.logentry", "pk": 16, "fields": {"action_time": "2020-04-11T12:24:05.177Z", "user": 1, "content_type": 10, "object_id": "9", "object_repr": "Contact Us", "action_flag": 1, "change_message": "[{\"added\": {}}]"}}, {"model": "admin.logentry", "pk": 17, "fields": {"action_time": "2020-04-11T12:24:30.976Z", "user": 1, "content_type": 10, "object_id": "9", "object_repr": "Contact Us", "action_flag": 2, "change_message": "[{\"changed\": {\"fields\": [\"URL\"]}}]"}}, {"model": "admin.logentry", "pk": 18, "fields": {"action_time": "2020-04-11T12:42:42.989Z", "user": 1, "content_type": 10, "object_id": "6", "object_repr": "PL 1", "action_flag": 2, "change_message": "[{\"changed\": {\"fields\": [\"parent\", \"URL\"]}}]"}}, {"model": "admin.logentry", "pk": 19, "fields": {"action_time": "2020-04-11T12:43:16.167Z", "user": 1, "content_type": 10, "object_id": "7", "object_repr": "PL 2", "action_flag": 2, "change_message": "[{\"changed\": {\"fields\": [\"parent\", \"URL\"]}}]"}}, {"model": "admin.logentry", "pk": 20, "fields": {"action_time": "2020-04-11T12:43:30.027Z", "user": 1, "content_type": 10, "object_id": "6", "object_repr": "Rental List", "action_flag": 2, "change_message": "[{\"changed\": {\"fields\": [\"parent\", \"Title\"]}}]"}}, {"model": "admin.logentry", "pk": 21, "fields": {"action_time": "2020-04-11T12:43:40.591Z", "user": 1, "content_type": 10, "object_id": "8", "object_repr": "PL 3", "action_flag": 3, "change_message": ""}}, {"model": "admin.logentry", "pk": 22, "fields": {"action_time": "2020-04-11T12:43:53.422Z", "user": 1, "content_type": 10, "object_id": "7", "object_repr": "Rental Detail", "action_flag": 2, "change_message": "[{\"changed\": {\"fields\": [\"parent\", \"Title\"]}}]"}}, {"model": "admin.logentry", "pk": 23, "fields": {"action_time": "2020-04-11T12:44:27.294Z", "user": 1, "content_type": 10, "object_id": "4", "object_repr": "Property Details", "action_flag": 2, "change_message": "[{\"changed\": {\"fields\": [\"parent\", \"URL\"]}}]"}}, {"model": "admin.logentry", "pk": 24, "fields": {"action_time": "2020-04-11T16:54:52.906Z", "user": 1, "content_type": 10, "object_id": "10", "object_repr": "News", "action_flag": 1, "change_message": "[{\"added\": {}}]"}}, {"model": "admin.logentry", "pk": 25, "fields": {"action_time": "2020-04-11T17:06:51.961Z", "user": 1, "content_type": 10, "object_id": "11", "object_repr": "FAQ", "action_flag": 1, "change_message": "[{\"added\": {}}]"}}, {"model": "admin.logentry", "pk": 26, "fields": {"action_time": "2020-04-11T17:07:01.497Z", "user": 1, "content_type": 9, "object_id": "1", "object_repr": "menu", "action_flag": 2, "change_message": "[]"}}, {"model": "admin.logentry", "pk": 27, "fields": {"action_time": "2020-09-29T22:49:26.674Z", "user": 1, "content_type": 15, "object_id": "1", "object_repr": "Air Conditioning", "action_flag": 1, "change_message": "[{\"added\": {}}]"}}, {"model": "admin.logentry", "pk": 28, "fields": {"action_time": "2020-09-29T22:49:27.064Z", "user": 1, "content_type": 15, "object_id": "2", "object_repr": "Air Conditioning", "action_flag": 1, "change_message": "[{\"added\": {}}]"}}, {"model": "admin.logentry", "pk": 29, "fields": {"action_time": "2020-09-30T14:41:17.167Z", "user": 1, "content_type": 14, "object_id": "1", "object_repr": "Easy your wat to the Global sotck", "action_flag": 1, "change_message": "[{\"added\": {}}]"}}, {"model": "admin.logentry", "pk": 30, "fields": {"action_time": "2020-09-30T22:46:04.156Z", "user": 1, "content_type": 14, "object_id": "1", "object_repr": "Easy your wat to the Global sotck", "action_flag": 2, "change_message": "[{\"changed\": {\"fields\": [\"Body\"]}}]"}}, {"model": "admin.logentry", "pk": 31, "fields": {"action_time": "2020-09-30T23:43:43.244Z", "user": 1, "content_type": 14, "object_id": "2", "object_repr": "Who is Django Reinghart", "action_flag": 1, "change_message": "[{\"added\": {}}]"}}, {"model": "admin.logentry", "pk": 32, "fields": {"action_time": "2020-10-01T10:14:24.599Z", "user": 1, "content_type": 15, "object_id": "1", "object_repr": "Barbecue", "action_flag": 2, "change_message": "[{\"changed\": {\"fields\": [\"Category name\", \"Slug\"]}}]"}}, {"model": "admin.logentry", "pk": 33, "fields": {"action_time": "2020-10-01T10:16:56.684Z", "user": 1, "content_type": 15, "object_id": "3", "object_repr": "Home Speciality", "action_flag": 1, "change_message": "[{\"added\": {}}]"}}, {"model": "admin.logentry", "pk": 34, "fields": {"action_time": "2020-10-01T10:17:17.980Z", "user": 1, "content_type": 14, "object_id": "1", "object_repr": "Easy your wat to the Global sotck", "action_flag": 2, "change_message": "[{\"changed\": {\"fields\": [\"Post category\"]}}]"}}, {"model": "admin.logentry", "pk": 35, "fields": {"action_time": "2020-10-01T10:17:27.529Z", "user": 1, "content_type": 14, "object_id": "2", "object_repr": "Who is Django Reinghart", "action_flag": 2, "change_message": "[{\"changed\": {\"fields\": [\"Post category\"]}}]"}}, {"model": "admin.logentry", "pk": 36, "fields": {"action_time": "2020-10-01T10:17:44.248Z", "user": 1, "content_type": 15, "object_id": "1", "object_repr": "Barbecue", "action_flag": 3, "change_message": ""}}, {"model": "admin.logentry", "pk": 37, "fields": {"action_time": "2020-11-03T16:30:54.092Z", "user": 2, "content_type": 26, "object_id": "1", "object_repr": "PropertyCategory object (1)", "action_flag": 1, "change_message": "[{\"added\": {}}]"}}, {"model": "admin.logentry", "pk": 38, "fields": {"action_time": "2020-11-03T16:33:51.537Z", "user": 2, "content_type": 24, "object_id": "1", "object_repr": "Gas", "action_flag": 1, "change_message": "[{\"added\": {}}]"}}, {"model": "admin.logentry", "pk": 39, "fields": {"action_time": "2020-11-03T16:34:15.415Z", "user": 2, "content_type": 24, "object_id": "2", "object_repr": "Electricity", "action_flag": 1, "change_message": "[{\"added\": {}}]"}}, {"model": "admin.logentry", "pk": 40, "fields": {"action_time": "2020-11-03T16:34:38.896Z", "user": 2, "content_type": 27, "object_id": "1", "object_repr": "Address: 45 Regent Street, London, UK status: 1", "action_flag": 1, "change_message": "[{\"added\": {}}]"}}, {"model": "admin.logentry", "pk": 41, "fields": {"action_time": "2020-11-03T16:35:02.571Z", "user": 2, "content_type": 28, "object_id": "1", "object_repr": "FeaturedProperties object (1)", "action_flag": 1, "change_message": "[{\"added\": {}}]"}}, {"model": "admin.logentry", "pk": 42, "fields": {"action_time": "2020-11-03T16:36:00.946Z", "user": 2, "content_type": 27, "object_id": "1", "object_repr": "Address: 45 Regent Street, London, UK status: 1", "action_flag": 2, "change_message": "[{\"added\": {\"name\": \"picture\", \"object\": \"Picture object (1)\"}}, {\"added\": {\"name\": \"picture\", \"object\": \"Picture object (2)\"}}, {\"added\": {\"name\": \"picture\", \"object\": \"Picture object (3)\"}}]"}}, {"model": "admin.logentry", "pk": 43, "fields": {"action_time": "2020-11-03T16:37:15.148Z", "user": 2, "content_type": 3, "object_id": "1", "object_repr": "Email Edit Group", "action_flag": 1, "change_message": "[{\"added\": {}}]"}}, {"model": "admin.logentry", "pk": 44, "fields": {"action_time": "2020-11-03T23:20:37.406Z", "user": 2, "content_type": 28, "object_id": "2", "object_repr": "FeaturedProperties object (2)", "action_flag": 1, "change_message": "[{\"added\": {}}]"}}, {"model": "admin.logentry", "pk": 45, "fields": {"action_time": "2020-11-04T10:03:04.374Z", "user": 2, "content_type": 28, "object_id": "1", "object_repr": "FeaturedProperties object (1)", "action_flag": 3, "change_message": ""}}, {"model": "admin.logentry", "pk": 46, "fields": {"action_time": "2020-11-04T10:03:04.384Z", "user": 2, "content_type": 28, "object_id": "2", "object_repr": "FeaturedProperties object (2)", "action_flag": 3, "change_message": ""}}, {"model": "admin.logentry", "pk": 47, "fields": {"action_time": "2020-11-09T00:50:49.779Z", "user": 2, "content_type": 30, "object_id": "1", "object_repr": "CookieConsentSettings object (1)", "action_flag": 1, "change_message": "[{\"added\": {}}]"}}, {"model": "admin.logentry", "pk": 48, "fields": {"action_time": "2020-11-09T01:01:43.276Z", "user": 2, "content_type": 28, "object_id": "3", "object_repr": "FeaturedProperties object (3)", "action_flag": 1, "change_message": "[{\"added\": {}}]"}}, {"model": "admin.logentry", "pk": 49, "fields": {"action_time": "2020-11-09T01:01:50.129Z", "user": 2, "content_type": 28, "object_id": "4", "object_repr": "FeaturedProperties object (4)", "action_flag": 1, "change_message": "[{\"added\": {}}]"}}, {"model": "admin.logentry", "pk": 50, "fields": {"action_time": "2020-11-09T01:01:55.914Z", "user": 2, "content_type": 28, "object_id": "3", "object_repr": "FeaturedProperties object (3)", "action_flag": 2, "change_message": "[{\"changed\": {\"fields\": [\"Is active\"]}}]"}}, {"model": "admin.logentry", "pk": 51, "fields": {"action_time": "2020-11-09T01:02:23.059Z", "user": 2, "content_type": 28, "object_id": "3", "object_repr": "FeaturedProperties object (3)", "action_flag": 2, "change_message": "[{\"changed\": {\"fields\": [\"Is active\"]}}]"}}, {"model": "admin.logentry", "pk": 52, "fields": {"action_time": "2020-11-09T23:01:20.903Z", "user": 2, "content_type": 32, "object_id": "1", "object_repr": "Suspendisse eleifend massa commodo porta lacus bibendum?", "action_flag": 1, "change_message": "[{\"added\": {}}]"}}, {"model": "admin.logentry", "pk": 53, "fields": {"action_time": "2020-11-09T23:02:07.402Z", "user": 2, "content_type": 32, "object_id": "2", "object_repr": "What is Broker?", "action_flag": 1, "change_message": "[{\"added\": {}}]"}}, {"model": "admin.logentry", "pk": 54, "fields": {"action_time": "2020-11-09T23:02:35.091Z", "user": 2, "content_type": 32, "object_id": "3", "object_repr": "Aliquam eget quam iaculis.", "action_flag": 1, "change_message": "[{\"added\": {}}]"}}, {"model": "admin.logentry", "pk": 55, "fields": {"action_time": "2020-11-09T23:02:57.091Z", "user": 2, "content_type": 32, "object_id": "4", "object_repr": "sodales tellus non, gravida turpis?", "action_flag": 1, "change_message": "[{\"added\": {}}]"}}, {"model": "admin.logentry", "pk": 56, "fields": {"action_time": "2020-11-09T23:08:49.441Z", "user": 2, "content_type": 33, "object_id": "1", "object_repr": "BearBrand", "action_flag": 1, "change_message": "[{\"added\": {}}]"}}, {"model": "admin.logentry", "pk": 57, "fields": {"action_time": "2020-11-09T23:09:18.832Z", "user": 2, "content_type": 33, "object_id": "2", "object_repr": "harish", "action_flag": 1, "change_message": "[{\"added\": {}}]"}}, {"model": "admin.logentry", "pk": 58, "fields": {"action_time": "2020-11-09T23:10:02.189Z", "user": 2, "content_type": 33, "object_id": "3", "object_repr": "Your Name", "action_flag": 1, "change_message": "[{\"added\": {}}]"}}, {"model": "admin.logentry", "pk": 59, "fields": {"action_time": "2020-11-09T23:10:18.004Z", "user": 2, "content_type": 33, "object_id": "4", "object_repr": "Partner", "action_flag": 1, "change_message": "[{\"added\": {}}]"}}, {"model": "admin.logentry", "pk": 60, "fields": {"action_time": "2020-11-15T10:29:19.009Z", "user": 2, "content_type": 33, "object_id": "5", "object_repr": "Google", "action_flag": 1, "change_message": "[{\"added\": {}}]"}}, {"model": "admin.logentry", "pk": 61, "fields": {"action_time": "2020-11-15T10:45:45.609Z", "user": 2, "content_type": 34, "object_id": "1", "object_repr": "Testimonial by Sam Nicolson", "action_flag": 1, "change_message": "[{\"added\": {}}]"}}, {"model": "admin.logentry", "pk": 62, "fields": {"action_time": "2020-11-15T12:21:36.257Z", "user": 2, "content_type": 29, "object_id": "1", "object_repr": "Page object (1)", "action_flag": 1, "change_message": "[{\"added\": {}}]"}}, {"model": "admin.logentry", "pk": 63, "fields": {"action_time": "2020-11-15T13:59:58.038Z", "user": 2, "content_type": 34, "object_id": "1", "object_repr": "Testimonial by Sam Nicolson", "action_flag": 2, "change_message": "[{\"changed\": {\"fields\": [\"Image\"]}}]"}}, {"model": "admin.logentry", "pk": 64, "fields": {"action_time": "2020-11-17T00:10:42.610Z", "user": 2, "content_type": 36, "object_id": "1", "object_repr": "Team object (1)", "action_flag": 1, "change_message": "[{\"added\": {}}]"}}, {"model": "admin.logentry", "pk": 65, "fields": {"action_time": "2020-11-17T00:11:52.857Z", "user": 2, "content_type": 36, "object_id": "2", "object_repr": "Team object (2)", "action_flag": 1, "change_message": "[{\"added\": {}}]"}}, {"model": "admin.logentry", "pk": 66, "fields": {"action_time": "2020-11-17T00:12:50.334Z", "user": 2, "content_type": 36, "object_id": "3", "object_repr": "Team object (3)", "action_flag": 1, "change_message": "[{\"added\": {}}]"}}, {"model": "admin.logentry", "pk": 67, "fields": {"action_time": "2020-11-17T00:33:36.116Z", "user": 2, "content_type": 36, "object_id": "3", "object_repr": "Team object (3)", "action_flag": 2, "change_message": "[{\"changed\": {\"fields\": [\"Image\"]}}]"}}, {"model": "admin.logentry", "pk": 68, "fields": {"action_time": "2020-11-17T00:33:51.791Z", "user": 2, "content_type": 36, "object_id": "2", "object_repr": "Team object (2)", "action_flag": 2, "change_message": "[{\"changed\": {\"fields\": [\"Image\"]}}]"}}, {"model": "admin.logentry", "pk": 69, "fields": {"action_time": "2020-11-17T00:34:06.595Z", "user": 2, "content_type": 36, "object_id": "1", "object_repr": "Team object (1)", "action_flag": 2, "change_message": "[{\"changed\": {\"fields\": [\"Image\"]}}]"}}, {"model": "admin.logentry", "pk": 70, "fields": {"action_time": "2020-11-17T09:21:53.418Z", "user": 2, "content_type": 4, "object_id": "3", "object_repr": "Sandra", "action_flag": 1, "change_message": "[{\"added\": {}}]"}}, {"model": "admin.logentry", "pk": 71, "fields": {"action_time": "2020-11-17T09:23:30.759Z", "user": 2, "content_type": 4, "object_id": "3", "object_repr": "Sandra", "action_flag": 2, "change_message": "[{\"changed\": {\"fields\": [\"First name\", \"Last name\", \"Email address\", \"Staff status\", \"User permissions\"]}}]"}}, {"model": "admin.logentry", "pk": 72, "fields": {"action_time": "2020-11-17T09:28:13.287Z", "user": 2, "content_type": 37, "object_id": "2", "object_repr": "Team object (2)", "action_flag": 1, "change_message": "[{\"added\": {}}]"}}, {"model": "admin.logentry", "pk": 73, "fields": {"action_time": "2020-11-17T09:36:45.793Z", "user": 2, "content_type": 4, "object_id": "3", "object_repr": "Sandra", "action_flag": 2, "change_message": "[{\"changed\": {\"fields\": [\"Staff status\"]}}]"}}, {"model": "admin.logentry", "pk": 74, "fields": {"action_time": "2020-11-17T09:40:13.942Z", "user": 2, "content_type": 4, "object_id": "3", "object_repr": "Sandra", "action_flag": 2, "change_message": "[{\"changed\": {\"fields\": [\"Staff status\"]}}]"}}, {"model": "admin.logentry", "pk": 75, "fields": {"action_time": "2020-11-17T10:08:23.608Z", "user": 2, "content_type": 4, "object_id": "4", "object_repr": "agent2", "action_flag": 1, "change_message": "[{\"added\": {}}]"}}, {"model": "admin.logentry", "pk": 76, "fields": {"action_time": "2020-11-17T10:08:43.766Z", "user": 2, "content_type": 4, "object_id": "4", "object_repr": "agent2", "action_flag": 2, "change_message": "[{\"changed\": {\"fields\": [\"First name\", \"Last name\", \"Email address\", \"Staff status\"]}}]"}}, {"model": "admin.logentry", "pk": 77, "fields": {"action_time": "2020-11-17T10:10:07.800Z", "user": 2, "content_type": 22, "object_id": "3", "object_repr": "Profile object (3)", "action_flag": 1, "change_message": "[{\"added\": {}}]"}}, {"model": "admin.logentry", "pk": 78, "fields": {"action_time": "2020-11-17T10:14:39.316Z", "user": 2, "content_type": 22, "object_id": "3", "object_repr": "Profile object (3)", "action_flag": 3, "change_message": ""}}, {"model": "admin.logentry", "pk": 79, "fields": {"action_time": "2020-11-17T10:14:45.091Z", "user": 2, "content_type": 37, "object_id": "4", "object_repr": "Team object (4)", "action_flag": 1, "change_message": "[{\"added\": {}}]"}}, {"model": "admin.logentry", "pk": 80, "fields": {"action_time": "2020-11-17T10:15:10.724Z", "user": 2, "content_type": 37, "object_id": "4", "object_repr": "Team object (4)", "action_flag": 2, "change_message": "[{\"changed\": {\"fields\": [\"Photo\"]}}]"}}, {"model": "admin.logentry", "pk": 81, "fields": {"action_time": "2020-11-17T10:19:46.357Z", "user": 2, "content_type": 37, "object_id": "4", "object_repr": "Team object (4)", "action_flag": 2, "change_message": "[]"}}, {"model": "admin.logentry", "pk": 82, "fields": {"action_time": "2020-11-17T10:41:21.349Z", "user": 2, "content_type": 4, "object_id": "3", "object_repr": "Sandra", "action_flag": 2, "change_message": "[{\"changed\": {\"fields\": [\"Active\"]}}]"}}, {"model": "admin.logentry", "pk": 83, "fields": {"action_time": "2020-11-17T10:41:51.748Z", "user": 2, "content_type": 4, "object_id": "3", "object_repr": "Sandra", "action_flag": 2, "change_message": "[{\"changed\": {\"fields\": [\"Active\"]}}]"}}, {"model": "admin.logentry", "pk": 84, "fields": {"action_time": "2020-11-17T10:43:23.142Z", "user": 2, "content_type": 4, "object_id": "3", "object_repr": "Sandra", "action_flag": 2, "change_message": "[{\"changed\": {\"fields\": [\"Active\"]}}]"}}, {"model": "admin.logentry", "pk": 85, "fields": {"action_time": "2020-11-17T10:43:40.641Z", "user": 2, "content_type": 4, "object_id": "3", "object_repr": "Sandra", "action_flag": 2, "change_message": "[{\"changed\": {\"fields\": [\"Active\"]}}]"}}, {"model": "admin.logentry", "pk": 86, "fields": {"action_time": "2020-11-17T13:29:51.885Z", "user": 2, "content_type": 9, "object_id": "2", "object_repr": "menu2", "action_flag": 1, "change_message": "[{\"added\": {}}]"}}, {"model": "admin.logentry", "pk": 87, "fields": {"action_time": "2020-11-17T13:30:59.591Z", "user": 2, "content_type": 9, "object_id": "2", "object_repr": "menu2", "action_flag": 2, "change_message": "[]"}}, {"model": "admin.logentry", "pk": 88, "fields": {"action_time": "2020-11-17T15:01:11.959Z", "user": 2, "content_type": 4, "object_id": "5", "object_repr": "Eugenia", "action_flag": 1, "change_message": "[{\"added\": {}}]"}}, {"model": "admin.logentry", "pk": 89, "fields": {"action_time": "2020-11-17T15:02:13.581Z", "user": 2, "content_type": 37, "object_id": "5", "object_repr": "Team object (5)", "action_flag": 1, "change_message": "[{\"added\": {}}]"}}, {"model": "admin.logentry", "pk": 90, "fields": {"action_time": "2020-11-17T15:03:39.875Z", "user": 2, "content_type": 4, "object_id": "5", "object_repr": "Eugenia", "action_flag": 2, "change_message": "[{\"changed\": {\"fields\": [\"First name\", \"Last name\", \"Email address\", \"Staff status\"]}}]"}}, {"model": "admin.logentry", "pk": 91, "fields": {"action_time": "2020-11-17T19:01:32.268Z", "user": 2, "content_type": 22, "object_id": "1", "object_repr": "Profile object (1)", "action_flag": 2, "change_message": "[{\"changed\": {\"fields\": [\"Photo\", \"My favorities\"]}}]"}}, {"model": "admin.logentry", "pk": 92, "fields": {"action_time": "2020-11-17T19:02:47.192Z", "user": 2, "content_type": 22, "object_id": "1", "object_repr": "Profile object (1)", "action_flag": 2, "change_message": "[{\"changed\": {\"fields\": [\"Date of birth\"]}}]"}}, {"model": "admin.logentry", "pk": 93, "fields": {"action_time": "2020-11-17T19:03:42.772Z", "user": 2, "content_type": 27, "object_id": "1", "object_repr": "Address: 45 Regent Street, London, UK status: 1", "action_flag": 2, "change_message": "[]"}}, {"model": "admin.logentry", "pk": 94, "fields": {"action_time": "2020-11-17T21:35:13.012Z", "user": 2, "content_type": 27, "object_id": "1", "object_repr": "Address: 45 Regent Street, London, UK status: 1", "action_flag": 2, "change_message": "[]"}}, {"model": "admin.logentry", "pk": 95, "fields": {"action_time": "2020-11-17T21:37:13.517Z", "user": 2, "content_type": 27, "object_id": "2", "object_repr": "Address: Address: 45 Regent Street, London, UK status status: 1", "action_flag": 1, "change_message": "[{\"added\": {}}, {\"added\": {\"name\": \"picture\", \"object\": \"Picture object (4)\"}}, {\"added\": {\"name\": \"picture\", \"object\": \"Picture object (5)\"}}]"}}, {"model": "admin.logentry", "pk": 96, "fields": {"action_time": "2020-11-17T21:38:23.365Z", "user": 2, "content_type": 27, "object_id": "2", "object_repr": "Address: Address: 45 Regent Street, London, UK status status: 1", "action_flag": 2, "change_message": "[]"}}, {"model": "admin.logentry", "pk": 97, "fields": {"action_time": "2020-11-17T21:38:52.823Z", "user": 2, "content_type": 27, "object_id": "1", "object_repr": "Address: 45 Regent Street, London, UK status: 1", "action_flag": 2, "change_message": "[]"}}, {"model": "admin.logentry", "pk": 98, "fields": {"action_time": "2020-11-17T21:48:38.103Z", "user": 2, "content_type": 27, "object_id": "2", "object_repr": "Address: Address: 45 Regent Street, London, UK status status: 1", "action_flag": 2, "change_message": "[{\"changed\": {\"fields\": [\"Short description\"]}}]"}}, {"model": "admin.logentry", "pk": 99, "fields": {"action_time": "2020-11-17T22:51:33.409Z", "user": 2, "content_type": 27, "object_id": "3", "object_repr": "Address: 45 Regent Street, London, UK status: 1", "action_flag": 1, "change_message": "[{\"added\": {}}, {\"added\": {\"name\": \"picture\", \"object\": \"Picture object (6)\"}}]"}}, {"model": "admin.logentry", "pk": 100, "fields": {"action_time": "2020-11-17T22:52:46.437Z", "user": 2, "content_type": 27, "object_id": "3", "object_repr": "Address: 45 Regent Street, London, UK status: 1", "action_flag": 3, "change_message": ""}}, {"model": "admin.logentry", "pk": 101, "fields": {"action_time": "2020-11-17T22:52:46.446Z", "user": 2, "content_type": 27, "object_id": "2", "object_repr": "Address: Address: 45 Regent Street, London, UK status status: 1", "action_flag": 3, "change_message": ""}}, {"model": "admin.logentry", "pk": 102, "fields": {"action_time": "2020-11-17T22:52:46.454Z", "user": 2, "content_type": 27, "object_id": "1", "object_repr": "Address: 45 Regent Street, London, UK status: 1", "action_flag": 3, "change_message": ""}}, {"model": "admin.logentry", "pk": 103, "fields": {"action_time": "2020-11-17T22:54:49.735Z", "user": 2, "content_type": 27, "object_id": "1", "object_repr": "Address: 45 Regent Street, London, UK status: 1", "action_flag": 1, "change_message": "[{\"added\": {}}, {\"added\": {\"name\": \"picture\", \"object\": \"Picture object (7)\"}}]"}}, {"model": "admin.logentry", "pk": 104, "fields": {"action_time": "2020-11-17T22:56:36.882Z", "user": 2, "content_type": 27, "object_id": "2", "object_repr": "Address: 45 Regent Street, London, UK status status: 1", "action_flag": 1, "change_message": "[{\"added\": {}}, {\"added\": {\"name\": \"picture\", \"object\": \"Picture object (8)\"}}]"}}, {"model": "admin.logentry", "pk": 105, "fields": {"action_time": "2020-11-17T22:57:32.118Z", "user": 2, "content_type": 27, "object_id": "1", "object_repr": "Address: 45 Regent Street, London, UK status: 1", "action_flag": 2, "change_message": "[{\"changed\": {\"fields\": [\"Featured\"]}}]"}}, {"model": "admin.logentry", "pk": 106, "fields": {"action_time": "2020-11-18T23:07:14.548Z", "user": 2, "content_type": 27, "object_id": "2", "object_repr": "Address: 45 Regent Street, London, UK status status: 1", "action_flag": 3, "change_message": ""}}, {"model": "admin.logentry", "pk": 107, "fields": {"action_time": "2020-11-18T23:07:14.571Z", "user": 2, "content_type": 27, "object_id": "1", "object_repr": "Address: 45 Regent Street, London, UK status: 1", "action_flag": 3, "change_message": ""}}, {"model": "admin.logentry", "pk": 108, "fields": {"action_time": "2020-11-21T13:51:07.194Z", "user": 2, "content_type": 10, "object_id": "12", "object_repr": "What is Broker?", "action_flag": 1, "change_message": "[{\"added\": {}}]"}}, {"model": "admin.logentry", "pk": 109, "fields": {"action_time": "2020-11-21T22:17:19.811Z", "user": 2, "content_type": 10, "object_id": "13", "object_repr": "About  Us", "action_flag": 1, "change_message": "[{\"added\": {}}]"}}, {"model": "admin.logentry", "pk": 110, "fields": {"action_time": "2020-11-21T22:17:50.250Z", "user": 2, "content_type": 10, "object_id": "14", "object_repr": "Our Team", "action_flag": 1, "change_message": "[{\"added\": {}}]"}}, {"model": "admin.logentry", "pk": 111, "fields": {"action_time": "2020-11-21T22:25:15.281Z", "user": 2, "content_type": 29, "object_id": "1", "object_repr": "Page object (1)", "action_flag": 2, "change_message": "[]"}}, {"model": "admin.logentry", "pk": 112, "fields": {"action_time": "2020-11-21T22:26:33.974Z", "user": 2, "content_type": 14, "object_id": "1", "object_repr": "Easy your wat to the Global sotck", "action_flag": 2, "change_message": "[]"}}, {"model": "admin.logentry", "pk": 113, "fields": {"action_time": "2020-11-24T15:11:21.687Z", "user": 2, "content_type": 27, "object_id": "3", "object_repr": "Address: Address: 45 Regent Street, London, UK status status: 1", "action_flag": 1, "change_message": "[{\"added\": {}}, {\"added\": {\"name\": \"picture\", \"object\": \"Picture object (9)\"}}]"}}, {"model": "admin.logentry", "pk": 114, "fields": {"action_time": "2020-11-24T15:12:30.314Z", "user": 2, "content_type": 22, "object_id": "1", "object_repr": "Profile object (1)", "action_flag": 2, "change_message": "[{\"changed\": {\"fields\": [\"My favorities\"]}}]"}}, {"model": "admin.logentry", "pk": 115, "fields": {"action_time": "2020-11-26T22:15:28.277Z", "user": 2, "content_type": 10, "object_id": "2", "object_repr": "Properties", "action_flag": 2, "change_message": "[{\"changed\": {\"fields\": [\"URL\"]}}]"}}, {"model": "admin.logentry", "pk": 116, "fields": {"action_time": "2020-11-26T22:15:54.027Z", "user": 2, "content_type": 10, "object_id": "2", "object_repr": "Properties", "action_flag": 2, "change_message": "[{\"changed\": {\"fields\": [\"URL\"]}}]"}}, {"model": "admin.logentry", "pk": 117, "fields": {"action_time": "2020-11-26T22:16:45.161Z", "user": 2, "content_type": 10, "object_id": "7", "object_repr": "Rental Detail", "action_flag": 2, "change_message": "[{\"changed\": {\"fields\": [\"parent\", \"URL\"]}}]"}}, {"model": "admin.logentry", "pk": 118, "fields": {"action_time": "2020-11-26T22:16:59.723Z", "user": 2, "content_type": 10, "object_id": "4", "object_repr": "Property Details", "action_flag": 2, "change_message": "[{\"changed\": {\"fields\": [\"parent\", \"URL\"]}}]"}}, {"model": "admin.logentry", "pk": 119, "fields": {"action_time": "2020-11-26T22:17:43.826Z", "user": 2, "content_type": 10, "object_id": "7", "object_repr": "Rental Detail", "action_flag": 2, "change_message": "[{\"changed\": {\"fields\": [\"parent\", \"URL\"]}}]"}}, {"model": "admin.logentry", "pk": 120, "fields": {"action_time": "2020-11-26T22:18:14.059Z", "user": 2, "content_type": 10, "object_id": "7", "object_repr": "Rental Detail", "action_flag": 2, "change_message": "[{\"changed\": {\"fields\": [\"parent\", \"URL\"]}}]"}}, {"model": "admin.logentry", "pk": 121, "fields": {"action_time": "2020-11-26T22:18:36.801Z", "user": 2, "content_type": 10, "object_id": "4", "object_repr": "Property Details", "action_flag": 2, "change_message": "[{\"changed\": {\"fields\": [\"parent\", \"URL\"]}}]"}}, {"model": "admin.logentry", "pk": 122, "fields": {"action_time": "2020-11-26T22:19:04.150Z", "user": 2, "content_type": 10, "object_id": "5", "object_repr": "Others", "action_flag": 2, "change_message": "[{\"changed\": {\"fields\": [\"parent\", \"URL\"]}}]"}}, {"model": "admin.logentry", "pk": 123, "fields": {"action_time": "2020-11-26T22:20:35.907Z", "user": 2, "content_type": 10, "object_id": "3", "object_repr": "Property Listings", "action_flag": 2, "change_message": "[{\"changed\": {\"fields\": [\"parent\", \"URL\"]}}]"}}, {"model": "admin.logentry", "pk": 124, "fields": {"action_time": "2020-11-26T22:20:58.426Z", "user": 2, "content_type": 10, "object_id": "3", "object_repr": "Property Listings", "action_flag": 2, "change_message": "[{\"changed\": {\"fields\": [\"parent\", \"URL\"]}}]"}}, {"model": "admin.logentry", "pk": 125, "fields": {"action_time": "2020-11-26T22:21:56.086Z", "user": 2, "content_type": 10, "object_id": "3", "object_repr": "Property Listings", "action_flag": 2, "change_message": "[{\"changed\": {\"fields\": [\"parent\", \"URL\"]}}]"}}, {"model": "admin.logentry", "pk": 126, "fields": {"action_time": "2020-11-26T22:28:09.163Z", "user": 2, "content_type": 10, "object_id": "3", "object_repr": "Property Listings", "action_flag": 2, "change_message": "[{\"changed\": {\"fields\": [\"parent\", \"URL\"]}}]"}}, {"model": "admin.logentry", "pk": 127, "fields": {"action_time": "2020-11-26T22:28:46.397Z", "user": 2, "content_type": 10, "object_id": "3", "object_repr": "Property Listings", "action_flag": 2, "change_message": "[{\"changed\": {\"fields\": [\"parent\", \"URL\"]}}]"}}, {"model": "admin.logentry", "pk": 128, "fields": {"action_time": "2020-11-26T22:29:05.658Z", "user": 2, "content_type": 10, "object_id": "2", "object_repr": "Properties", "action_flag": 2, "change_message": "[{\"changed\": {\"fields\": [\"URL\"]}}]"}}, {"model": "auth.permission", "pk": 1, "fields": {"name": "Can add log entry", "content_type": 1, "codename": "add_logentry"}}, {"model": "auth.permission", "pk": 2, "fields": {"name": "Can change log entry", "content_type": 1, "codename": "change_logentry"}}, {"model": "auth.permission", "pk": 3, "fields": {"name": "Can delete log entry", "content_type": 1, "codename": "delete_logentry"}}, {"model": "auth.permission", "pk": 4, "fields": {"name": "Can view log entry", "content_type": 1, "codename": "view_logentry"}}, {"model": "auth.permission", "pk": 5, "fields": {"name": "Can add permission", "content_type": 2, "codename": "add_permission"}}, {"model": "auth.permission", "pk": 6, "fields": {"name": "Can change permission", "content_type": 2, "codename": "change_permission"}}, {"model": "auth.permission", "pk": 7, "fields": {"name": "Can delete permission", "content_type": 2, "codename": "delete_permission"}}, {"model": "auth.permission", "pk": 8, "fields": {"name": "Can view permission", "content_type": 2, "codename": "view_permission"}}, {"model": "auth.permission", "pk": 9, "fields": {"name": "Can add group", "content_type": 3, "codename": "add_group"}}, {"model": "auth.permission", "pk": 10, "fields": {"name": "Can change group", "content_type": 3, "codename": "change_group"}}, {"model": "auth.permission", "pk": 11, "fields": {"name": "Can delete group", "content_type": 3, "codename": "delete_group"}}, {"model": "auth.permission", "pk": 12, "fields": {"name": "Can view group", "content_type": 3, "codename": "view_group"}}, {"model": "auth.permission", "pk": 13, "fields": {"name": "Can add user", "content_type": 4, "codename": "add_user"}}, {"model": "auth.permission", "pk": 14, "fields": {"name": "Can change user", "content_type": 4, "codename": "change_user"}}, {"model": "auth.permission", "pk": 15, "fields": {"name": "Can delete user", "content_type": 4, "codename": "delete_user"}}, {"model": "auth.permission", "pk": 16, "fields": {"name": "Can view user", "content_type": 4, "codename": "view_user"}}, {"model": "auth.permission", "pk": 17, "fields": {"name": "Can add content type", "content_type": 5, "codename": "add_contenttype"}}, {"model": "auth.permission", "pk": 18, "fields": {"name": "Can change content type", "content_type": 5, "codename": "change_contenttype"}}, {"model": "auth.permission", "pk": 19, "fields": {"name": "Can delete content type", "content_type": 5, "codename": "delete_contenttype"}}, {"model": "auth.permission", "pk": 20, "fields": {"name": "Can view content type", "content_type": 5, "codename": "view_contenttype"}}, {"model": "auth.permission", "pk": 21, "fields": {"name": "Can add session", "content_type": 6, "codename": "add_session"}}, {"model": "auth.permission", "pk": 22, "fields": {"name": "Can change session", "content_type": 6, "codename": "change_session"}}, {"model": "auth.permission", "pk": 23, "fields": {"name": "Can delete session", "content_type": 6, "codename": "delete_session"}}, {"model": "auth.permission", "pk": 24, "fields": {"name": "Can view session", "content_type": 6, "codename": "view_session"}}, {"model": "auth.permission", "pk": 25, "fields": {"name": "Can add menu", "content_type": 7, "codename": "add_menu"}}, {"model": "auth.permission", "pk": 26, "fields": {"name": "Can change menu", "content_type": 7, "codename": "change_menu"}}, {"model": "auth.permission", "pk": 27, "fields": {"name": "Can delete menu", "content_type": 7, "codename": "delete_menu"}}, {"model": "auth.permission", "pk": 28, "fields": {"name": "Can view menu", "content_type": 7, "codename": "view_menu"}}, {"model": "auth.permission", "pk": 29, "fields": {"name": "Can add menu item", "content_type": 8, "codename": "add_menuitem"}}, {"model": "auth.permission", "pk": 30, "fields": {"name": "Can change menu item", "content_type": 8, "codename": "change_menuitem"}}, {"model": "auth.permission", "pk": 31, "fields": {"name": "Can delete menu item", "content_type": 8, "codename": "delete_menuitem"}}, {"model": "auth.permission", "pk": 32, "fields": {"name": "Can view menu item", "content_type": 8, "codename": "view_menuitem"}}, {"model": "auth.permission", "pk": 33, "fields": {"name": "Can add Site Tree", "content_type": 9, "codename": "add_tree"}}, {"model": "auth.permission", "pk": 34, "fields": {"name": "Can change Site Tree", "content_type": 9, "codename": "change_tree"}}, {"model": "auth.permission", "pk": 35, "fields": {"name": "Can delete Site Tree", "content_type": 9, "codename": "delete_tree"}}, {"model": "auth.permission", "pk": 36, "fields": {"name": "Can view Site Tree", "content_type": 9, "codename": "view_tree"}}, {"model": "auth.permission", "pk": 37, "fields": {"name": "Can add Site Tree Item", "content_type": 10, "codename": "add_treeitem"}}, {"model": "auth.permission", "pk": 38, "fields": {"name": "Can change Site Tree Item", "content_type": 10, "codename": "change_treeitem"}}, {"model": "auth.permission", "pk": 39, "fields": {"name": "Can delete Site Tree Item", "content_type": 10, "codename": "delete_treeitem"}}, {"model": "auth.permission", "pk": 40, "fields": {"name": "Can view Site Tree Item", "content_type": 10, "codename": "view_treeitem"}}, {"model": "auth.permission", "pk": 41, "fields": {"name": "Can add tag", "content_type": 11, "codename": "add_tag"}}, {"model": "auth.permission", "pk": 42, "fields": {"name": "Can change tag", "content_type": 11, "codename": "change_tag"}}, {"model": "auth.permission", "pk": 43, "fields": {"name": "Can delete tag", "content_type": 11, "codename": "delete_tag"}}, {"model": "auth.permission", "pk": 44, "fields": {"name": "Can view tag", "content_type": 11, "codename": "view_tag"}}, {"model": "auth.permission", "pk": 45, "fields": {"name": "Can add tagged item", "content_type": 12, "codename": "add_taggeditem"}}, {"model": "auth.permission", "pk": 46, "fields": {"name": "Can change tagged item", "content_type": 12, "codename": "change_taggeditem"}}, {"model": "auth.permission", "pk": 47, "fields": {"name": "Can delete tagged item", "content_type": 12, "codename": "delete_taggeditem"}}, {"model": "auth.permission", "pk": 48, "fields": {"name": "Can view tagged item", "content_type": 12, "codename": "view_taggeditem"}}, {"model": "auth.permission", "pk": 49, "fields": {"name": "Can add comment", "content_type": 13, "codename": "add_comment"}}, {"model": "auth.permission", "pk": 50, "fields": {"name": "Can change comment", "content_type": 13, "codename": "change_comment"}}, {"model": "auth.permission", "pk": 51, "fields": {"name": "Can delete comment", "content_type": 13, "codename": "delete_comment"}}, {"model": "auth.permission", "pk": 52, "fields": {"name": "Can view comment", "content_type": 13, "codename": "view_comment"}}, {"model": "auth.permission", "pk": 53, "fields": {"name": "Can add post", "content_type": 14, "codename": "add_post"}}, {"model": "auth.permission", "pk": 54, "fields": {"name": "Can change post", "content_type": 14, "codename": "change_post"}}, {"model": "auth.permission", "pk": 55, "fields": {"name": "Can delete post", "content_type": 14, "codename": "delete_post"}}, {"model": "auth.permission", "pk": 56, "fields": {"name": "Can view post", "content_type": 14, "codename": "view_post"}}, {"model": "auth.permission", "pk": 57, "fields": {"name": "Can add category", "content_type": 15, "codename": "add_category"}}, {"model": "auth.permission", "pk": 58, "fields": {"name": "Can change category", "content_type": 15, "codename": "change_category"}}, {"model": "auth.permission", "pk": 59, "fields": {"name": "Can delete category", "content_type": 15, "codename": "delete_category"}}, {"model": "auth.permission", "pk": 60, "fields": {"name": "Can view category", "content_type": 15, "codename": "view_category"}}, {"model": "auth.permission", "pk": 61, "fields": {"name": "Can add site", "content_type": 16, "codename": "add_site"}}, {"model": "auth.permission", "pk": 62, "fields": {"name": "Can change site", "content_type": 16, "codename": "change_site"}}, {"model": "auth.permission", "pk": 63, "fields": {"name": "Can delete site", "content_type": 16, "codename": "delete_site"}}, {"model": "auth.permission", "pk": 64, "fields": {"name": "Can view site", "content_type": 16, "codename": "view_site"}}, {"model": "auth.permission", "pk": 65, "fields": {"name": "Can add email address", "content_type": 17, "codename": "add_emailaddress"}}, {"model": "auth.permission", "pk": 66, "fields": {"name": "Can change email address", "content_type": 17, "codename": "change_emailaddress"}}, {"model": "auth.permission", "pk": 67, "fields": {"name": "Can delete email address", "content_type": 17, "codename": "delete_emailaddress"}}, {"model": "auth.permission", "pk": 68, "fields": {"name": "Can view email address", "content_type": 17, "codename": "view_emailaddress"}}, {"model": "auth.permission", "pk": 69, "fields": {"name": "Can add email confirmation", "content_type": 18, "codename": "add_emailconfirmation"}}, {"model": "auth.permission", "pk": 70, "fields": {"name": "Can change email confirmation", "content_type": 18, "codename": "change_emailconfirmation"}}, {"model": "auth.permission", "pk": 71, "fields": {"name": "Can delete email confirmation", "content_type": 18, "codename": "delete_emailconfirmation"}}, {"model": "auth.permission", "pk": 72, "fields": {"name": "Can view email confirmation", "content_type": 18, "codename": "view_emailconfirmation"}}, {"model": "auth.permission", "pk": 73, "fields": {"name": "Can add social account", "content_type": 19, "codename": "add_socialaccount"}}, {"model": "auth.permission", "pk": 74, "fields": {"name": "Can change social account", "content_type": 19, "codename": "change_socialaccount"}}, {"model": "auth.permission", "pk": 75, "fields": {"name": "Can delete social account", "content_type": 19, "codename": "delete_socialaccount"}}, {"model": "auth.permission", "pk": 76, "fields": {"name": "Can view social account", "content_type": 19, "codename": "view_socialaccount"}}, {"model": "auth.permission", "pk": 77, "fields": {"name": "Can add social application", "content_type": 20, "codename": "add_socialapp"}}, {"model": "auth.permission", "pk": 78, "fields": {"name": "Can change social application", "content_type": 20, "codename": "change_socialapp"}}, {"model": "auth.permission", "pk": 79, "fields": {"name": "Can delete social application", "content_type": 20, "codename": "delete_socialapp"}}, {"model": "auth.permission", "pk": 80, "fields": {"name": "Can view social application", "content_type": 20, "codename": "view_socialapp"}}, {"model": "auth.permission", "pk": 81, "fields": {"name": "Can add social application token", "content_type": 21, "codename": "add_socialtoken"}}, {"model": "auth.permission", "pk": 82, "fields": {"name": "Can change social application token", "content_type": 21, "codename": "change_socialtoken"}}, {"model": "auth.permission", "pk": 83, "fields": {"name": "Can delete social application token", "content_type": 21, "codename": "delete_socialtoken"}}, {"model": "auth.permission", "pk": 84, "fields": {"name": "Can view social application token", "content_type": 21, "codename": "view_socialtoken"}}, {"model": "auth.permission", "pk": 85, "fields": {"name": "Can add profile", "content_type": 22, "codename": "add_profile"}}, {"model": "auth.permission", "pk": 86, "fields": {"name": "Can change profile", "content_type": 22, "codename": "change_profile"}}, {"model": "auth.permission", "pk": 87, "fields": {"name": "Can delete profile", "content_type": 22, "codename": "delete_profile"}}, {"model": "auth.permission", "pk": 88, "fields": {"name": "Can view profile", "content_type": 22, "codename": "view_profile"}}, {"model": "auth.permission", "pk": 89, "fields": {"name": "Can add address", "content_type": 23, "codename": "add_address"}}, {"model": "auth.permission", "pk": 90, "fields": {"name": "Can change address", "content_type": 23, "codename": "change_address"}}, {"model": "auth.permission", "pk": 91, "fields": {"name": "Can delete address", "content_type": 23, "codename": "delete_address"}}, {"model": "auth.permission", "pk": 92, "fields": {"name": "Can view address", "content_type": 23, "codename": "view_address"}}, {"model": "auth.permission", "pk": 93, "fields": {"name": "Can add feature", "content_type": 24, "codename": "add_feature"}}, {"model": "auth.permission", "pk": 94, "fields": {"name": "Can change feature", "content_type": 24, "codename": "change_feature"}}, {"model": "auth.permission", "pk": 95, "fields": {"name": "Can delete feature", "content_type": 24, "codename": "delete_feature"}}, {"model": "auth.permission", "pk": 96, "fields": {"name": "Can view feature", "content_type": 24, "codename": "view_feature"}}, {"model": "auth.permission", "pk": 97, "fields": {"name": "Can add picture", "content_type": 25, "codename": "add_picture"}}, {"model": "auth.permission", "pk": 98, "fields": {"name": "Can change picture", "content_type": 25, "codename": "change_picture"}}, {"model": "auth.permission", "pk": 99, "fields": {"name": "Can delete picture", "content_type": 25, "codename": "delete_picture"}}, {"model": "auth.permission", "pk": 100, "fields": {"name": "Can view picture", "content_type": 25, "codename": "view_picture"}}, {"model": "auth.permission", "pk": 101, "fields": {"name": "Can add property category", "content_type": 26, "codename": "add_propertycategory"}}, {"model": "auth.permission", "pk": 102, "fields": {"name": "Can change property category", "content_type": 26, "codename": "change_propertycategory"}}, {"model": "auth.permission", "pk": 103, "fields": {"name": "Can delete property category", "content_type": 26, "codename": "delete_propertycategory"}}, {"model": "auth.permission", "pk": 104, "fields": {"name": "Can view property category", "content_type": 26, "codename": "view_propertycategory"}}, {"model": "auth.permission", "pk": 105, "fields": {"name": "Can add property", "content_type": 27, "codename": "add_property"}}, {"model": "auth.permission", "pk": 106, "fields": {"name": "Can change property", "content_type": 27, "codename": "change_property"}}, {"model": "auth.permission", "pk": 107, "fields": {"name": "Can delete property", "content_type": 27, "codename": "delete_property"}}, {"model": "auth.permission", "pk": 108, "fields": {"name": "Can view property", "content_type": 27, "codename": "view_property"}}, {"model": "auth.permission", "pk": 109, "fields": {"name": "Can add featured properties", "content_type": 28, "codename": "add_featuredproperties"}}, {"model": "auth.permission", "pk": 110, "fields": {"name": "Can change featured properties", "content_type": 28, "codename": "change_featuredproperties"}}, {"model": "auth.permission", "pk": 111, "fields": {"name": "Can delete featured properties", "content_type": 28, "codename": "delete_featuredproperties"}}, {"model": "auth.permission", "pk": 112, "fields": {"name": "Can view featured properties", "content_type": 28, "codename": "view_featuredproperties"}}, {"model": "auth.permission", "pk": 113, "fields": {"name": "Can add page", "content_type": 29, "codename": "add_page"}}, {"model": "auth.permission", "pk": 114, "fields": {"name": "Can change page", "content_type": 29, "codename": "change_page"}}, {"model": "auth.permission", "pk": 115, "fields": {"name": "Can delete page", "content_type": 29, "codename": "delete_page"}}, {"model": "auth.permission", "pk": 116, "fields": {"name": "Can view page", "content_type": 29, "codename": "view_page"}}, {"model": "auth.permission", "pk": 117, "fields": {"name": "Can add cookie consent settings", "content_type": 30, "codename": "add_cookieconsentsettings"}}, {"model": "auth.permission", "pk": 118, "fields": {"name": "Can change cookie consent settings", "content_type": 30, "codename": "change_cookieconsentsettings"}}, {"model": "auth.permission", "pk": 119, "fields": {"name": "Can delete cookie consent settings", "content_type": 30, "codename": "delete_cookieconsentsettings"}}, {"model": "auth.permission", "pk": 120, "fields": {"name": "Can view cookie consent settings", "content_type": 30, "codename": "view_cookieconsentsettings"}}, {"model": "auth.permission", "pk": 121, "fields": {"name": "Can add emails", "content_type": 31, "codename": "add_emails"}}, {"model": "auth.permission", "pk": 122, "fields": {"name": "Can change emails", "content_type": 31, "codename": "change_emails"}}, {"model": "auth.permission", "pk": 123, "fields": {"name": "Can delete emails", "content_type": 31, "codename": "delete_emails"}}, {"model": "auth.permission", "pk": 124, "fields": {"name": "Can view emails", "content_type": 31, "codename": "view_emails"}}, {"model": "auth.permission", "pk": 125, "fields": {"name": "Can add faq", "content_type": 32, "codename": "add_faq"}}, {"model": "auth.permission", "pk": 126, "fields": {"name": "Can change faq", "content_type": 32, "codename": "change_faq"}}, {"model": "auth.permission", "pk": 127, "fields": {"name": "Can delete faq", "content_type": 32, "codename": "delete_faq"}}, {"model": "auth.permission", "pk": 128, "fields": {"name": "Can view faq", "content_type": 32, "codename": "view_faq"}}, {"model": "auth.permission", "pk": 129, "fields": {"name": "Can add partners", "content_type": 33, "codename": "add_partners"}}, {"model": "auth.permission", "pk": 130, "fields": {"name": "Can change partners", "content_type": 33, "codename": "change_partners"}}, {"model": "auth.permission", "pk": 131, "fields": {"name": "Can delete partners", "content_type": 33, "codename": "delete_partners"}}, {"model": "auth.permission", "pk": 132, "fields": {"name": "Can view partners", "content_type": 33, "codename": "view_partners"}}, {"model": "auth.permission", "pk": 133, "fields": {"name": "Can add testimonal", "content_type": 34, "codename": "add_testimonal"}}, {"model": "auth.permission", "pk": 134, "fields": {"name": "Can change testimonal", "content_type": 34, "codename": "change_testimonal"}}, {"model": "auth.permission", "pk": 135, "fields": {"name": "Can delete testimonal", "content_type": 34, "codename": "delete_testimonal"}}, {"model": "auth.permission", "pk": 136, "fields": {"name": "Can view testimonal", "content_type": 34, "codename": "view_testimonal"}}, {"model": "auth.permission", "pk": 137, "fields": {"name": "Can add agent", "content_type": 35, "codename": "add_agent"}}, {"model": "auth.permission", "pk": 138, "fields": {"name": "Can change agent", "content_type": 35, "codename": "change_agent"}}, {"model": "auth.permission", "pk": 139, "fields": {"name": "Can delete agent", "content_type": 35, "codename": "delete_agent"}}, {"model": "auth.permission", "pk": 140, "fields": {"name": "Can view agent", "content_type": 35, "codename": "view_agent"}}, {"model": "auth.permission", "pk": 141, "fields": {"name": "Can add team", "content_type": 36, "codename": "add_team"}}, {"model": "auth.permission", "pk": 142, "fields": {"name": "Can change team", "content_type": 36, "codename": "change_team"}}, {"model": "auth.permission", "pk": 143, "fields": {"name": "Can delete team", "content_type": 36, "codename": "delete_team"}}, {"model": "auth.permission", "pk": 144, "fields": {"name": "Can view team", "content_type": 36, "codename": "view_team"}}, {"model": "auth.permission", "pk": 145, "fields": {"name": "Can add team", "content_type": 37, "codename": "add_team"}}, {"model": "auth.permission", "pk": 146, "fields": {"name": "Can change team", "content_type": 37, "codename": "change_team"}}, {"model": "auth.permission", "pk": 147, "fields": {"name": "Can delete team", "content_type": 37, "codename": "delete_team"}}, {"model": "auth.permission", "pk": 148, "fields": {"name": "Can view team", "content_type": 37, "codename": "view_team"}}, {"model": "auth.permission", "pk": 149, "fields": {"name": "Can add login attempt", "content_type": 38, "codename": "add_loginattempt"}}, {"model": "auth.permission", "pk": 150, "fields": {"name": "Can change login attempt", "content_type": 38, "codename": "change_loginattempt"}}, {"model": "auth.permission", "pk": 151, "fields": {"name": "Can delete login attempt", "content_type": 38, "codename": "delete_loginattempt"}}, {"model": "auth.permission", "pk": 152, "fields": {"name": "Can view login attempt", "content_type": 38, "codename": "view_loginattempt"}}, {"model": "auth.permission", "pk": 153, "fields": {"name": "Can add email to agent", "content_type": 39, "codename": "add_emailtoagent"}}, {"model": "auth.permission", "pk": 154, "fields": {"name": "Can change email to agent", "content_type": 39, "codename": "change_emailtoagent"}}, {"model": "auth.permission", "pk": 155, "fields": {"name": "Can delete email to agent", "content_type": 39, "codename": "delete_emailtoagent"}}, {"model": "auth.permission", "pk": 156, "fields": {"name": "Can view email to agent", "content_type": 39, "codename": "view_emailtoagent"}}, {"model": "auth.permission", "pk": 157, "fields": {"name": "Can add reply letter", "content_type": 40, "codename": "add_replyletter"}}, {"model": "auth.permission", "pk": 158, "fields": {"name": "Can change reply letter", "content_type": 40, "codename": "change_replyletter"}}, {"model": "auth.permission", "pk": 159, "fields": {"name": "Can delete reply letter", "content_type": 40, "codename": "delete_replyletter"}}, {"model": "auth.permission", "pk": 160, "fields": {"name": "Can view reply letter", "content_type": 40, "codename": "view_replyletter"}}, {"model": "auth.permission", "pk": 161, "fields": {"name": "Can add contact address", "content_type": 41, "codename": "add_contactaddress"}}, {"model": "auth.permission", "pk": 162, "fields": {"name": "Can change contact address", "content_type": 41, "codename": "change_contactaddress"}}, {"model": "auth.permission", "pk": 163, "fields": {"name": "Can delete contact address", "content_type": 41, "codename": "delete_contactaddress"}}, {"model": "auth.permission", "pk": 164, "fields": {"name": "Can view contact address", "content_type": 41, "codename": "view_contactaddress"}}, {"model": "auth.permission", "pk": 165, "fields": {"name": "Can add contact email", "content_type": 42, "codename": "add_contactemail"}}, {"model": "auth.permission", "pk": 166, "fields": {"name": "Can change contact email", "content_type": 42, "codename": "change_contactemail"}}, {"model": "auth.permission", "pk": 167, "fields": {"name": "Can delete contact email", "content_type": 42, "codename": "delete_contactemail"}}, {"model": "auth.permission", "pk": 168, "fields": {"name": "Can view contact email", "content_type": 42, "codename": "view_contactemail"}}, {"model": "auth.permission", "pk": 169, "fields": {"name": "Can add contact number", "content_type": 43, "codename": "add_contactnumber"}}, {"model": "auth.permission", "pk": 170, "fields": {"name": "Can change contact number", "content_type": 43, "codename": "change_contactnumber"}}, {"model": "auth.permission", "pk": 171, "fields": {"name": "Can delete contact number", "content_type": 43, "codename": "delete_contactnumber"}}, {"model": "auth.permission", "pk": 172, "fields": {"name": "Can view contact number", "content_type": 43, "codename": "view_contactnumber"}}, {"model": "auth.permission", "pk": 173, "fields": {"name": "Can add message email", "content_type": 44, "codename": "add_messageemail"}}, {"model": "auth.permission", "pk": 174, "fields": {"name": "Can change message email", "content_type": 44, "codename": "change_messageemail"}}, {"model": "auth.permission", "pk": 175, "fields": {"name": "Can delete message email", "content_type": 44, "codename": "delete_messageemail"}}, {"model": "auth.permission", "pk": 176, "fields": {"name": "Can view message email", "content_type": 44, "codename": "view_messageemail"}}, {"model": "auth.permission", "pk": 177, "fields": {"name": "Can add social contact", "content_type": 45, "codename": "add_socialcontact"}}, {"model": "auth.permission", "pk": 178, "fields": {"name": "Can change social contact", "content_type": 45, "codename": "change_socialcontact"}}, {"model": "auth.permission", "pk": 179, "fields": {"name": "Can delete social contact", "content_type": 45, "codename": "delete_socialcontact"}}, {"model": "auth.permission", "pk": 180, "fields": {"name": "Can view social contact", "content_type": 45, "codename": "view_socialcontact"}}, {"model": "auth.permission", "pk": 181, "fields": {"name": "Can add twillo contact", "content_type": 46, "codename": "add_twillocontact"}}, {"model": "auth.permission", "pk": 182, "fields": {"name": "Can change twillo contact", "content_type": 46, "codename": "change_twillocontact"}}, {"model": "auth.permission", "pk": 183, "fields": {"name": "Can delete twillo contact", "content_type": 46, "codename": "delete_twillocontact"}}, {"model": "auth.permission", "pk": 184, "fields": {"name": "Can view twillo contact", "content_type": 46, "codename": "view_twillocontact"}}, {"model": "auth.permission", "pk": 185, "fields": {"name": "Can add source", "content_type": 47, "codename": "add_source"}}, {"model": "auth.permission", "pk": 186, "fields": {"name": "Can change source", "content_type": 47, "codename": "change_source"}}, {"model": "auth.permission", "pk": 187, "fields": {"name": "Can delete source", "content_type": 47, "codename": "delete_source"}}, {"model": "auth.permission", "pk": 188, "fields": {"name": "Can view source", "content_type": 47, "codename": "view_source"}}, {"model": "auth.permission", "pk": 189, "fields": {"name": "Can add thumbnail", "content_type": 48, "codename": "add_thumbnail"}}, {"model": "auth.permission", "pk": 190, "fields": {"name": "Can change thumbnail", "content_type": 48, "codename": "change_thumbnail"}}, {"model": "auth.permission", "pk": 191, "fields": {"name": "Can delete thumbnail", "content_type": 48, "codename": "delete_thumbnail"}}, {"model": "auth.permission", "pk": 192, "fields": {"name": "Can view thumbnail", "content_type": 48, "codename": "view_thumbnail"}}, {"model": "auth.permission", "pk": 193, "fields": {"name": "Can add thumbnail dimensions", "content_type": 49, "codename": "add_thumbnaildimensions"}}, {"model": "auth.permission", "pk": 194, "fields": {"name": "Can change thumbnail dimensions", "content_type": 49, "codename": "change_thumbnaildimensions"}}, {"model": "auth.permission", "pk": 195, "fields": {"name": "Can delete thumbnail dimensions", "content_type": 49, "codename": "delete_thumbnaildimensions"}}, {"model": "auth.permission", "pk": 196, "fields": {"name": "Can view thumbnail dimensions", "content_type": 49, "codename": "view_thumbnaildimensions"}}, {"model": "auth.permission", "pk": 197, "fields": {"name": "Can add caller", "content_type": 50, "codename": "add_caller"}}, {"model": "auth.permission", "pk": 198, "fields": {"name": "Can change caller", "content_type": 50, "codename": "change_caller"}}, {"model": "auth.permission", "pk": 199, "fields": {"name": "Can delete caller", "content_type": 50, "codename": "delete_caller"}}, {"model": "auth.permission", "pk": 200, "fields": {"name": "Can view caller", "content_type": 50, "codename": "view_caller"}}, {"model": "auth.permission", "pk": 201, "fields": {"name": "Can add credential", "content_type": 51, "codename": "add_credential"}}, {"model": "auth.permission", "pk": 202, "fields": {"name": "Can change credential", "content_type": 51, "codename": "change_credential"}}, {"model": "auth.permission", "pk": 203, "fields": {"name": "Can delete credential", "content_type": 51, "codename": "delete_credential"}}, {"model": "auth.permission", "pk": 204, "fields": {"name": "Can view credential", "content_type": 51, "codename": "view_credential"}}, {"model": "auth.permission", "pk": 205, "fields": {"name": "Can add feature", "content_type": 52, "codename": "add_feature"}}, {"model": "auth.permission", "pk": 206, "fields": {"name": "Can change feature", "content_type": 52, "codename": "change_feature"}}, {"model": "auth.permission", "pk": 207, "fields": {"name": "Can delete feature", "content_type": 52, "codename": "delete_feature"}}, {"model": "auth.permission", "pk": 208, "fields": {"name": "Can view feature", "content_type": 52, "codename": "view_feature"}}, {"model": "auth.permission", "pk": 209, "fields": {"name": "Can add message", "content_type": 53, "codename": "add_message"}}, {"model": "auth.permission", "pk": 210, "fields": {"name": "Can change message", "content_type": 53, "codename": "change_message"}}, {"model": "auth.permission", "pk": 211, "fields": {"name": "Can delete message", "content_type": 53, "codename": "delete_message"}}, {"model": "auth.permission", "pk": 212, "fields": {"name": "Can view message", "content_type": 53, "codename": "view_message"}}, {"model": "auth.permission", "pk": 213, "fields": {"name": "Can add property category", "content_type": 54, "codename": "add_propertycategory"}}, {"model": "auth.permission", "pk": 214, "fields": {"name": "Can change property category", "content_type": 54, "codename": "change_propertycategory"}}, {"model": "auth.permission", "pk": 215, "fields": {"name": "Can delete property category", "content_type": 54, "codename": "delete_propertycategory"}}, {"model": "auth.permission", "pk": 216, "fields": {"name": "Can view property category", "content_type": 54, "codename": "view_propertycategory"}}, {"model": "auth.permission", "pk": 217, "fields": {"name": "Can add reply message", "content_type": 55, "codename": "add_replymessage"}}, {"model": "auth.permission", "pk": 218, "fields": {"name": "Can change reply message", "content_type": 55, "codename": "change_replymessage"}}, {"model": "auth.permission", "pk": 219, "fields": {"name": "Can delete reply message", "content_type": 55, "codename": "delete_replymessage"}}, {"model": "auth.permission", "pk": 220, "fields": {"name": "Can view reply message", "content_type": 55, "codename": "view_replymessage"}}, {"model": "auth.permission", "pk": 221, "fields": {"name": "Can add properties", "content_type": 56, "codename": "add_properties"}}, {"model": "auth.permission", "pk": 222, "fields": {"name": "Can change properties", "content_type": 56, "codename": "change_properties"}}, {"model": "auth.permission", "pk": 223, "fields": {"name": "Can delete properties", "content_type": 56, "codename": "delete_properties"}}, {"model": "auth.permission", "pk": 224, "fields": {"name": "Can view properties", "content_type": 56, "codename": "view_properties"}}, {"model": "auth.permission", "pk": 225, "fields": {"name": "Can add picture", "content_type": 57, "codename": "add_picture"}}, {"model": "auth.permission", "pk": 226, "fields": {"name": "Can change picture", "content_type": 57, "codename": "change_picture"}}, {"model": "auth.permission", "pk": 227, "fields": {"name": "Can delete picture", "content_type": 57, "codename": "delete_picture"}}, {"model": "auth.permission", "pk": 228, "fields": {"name": "Can view picture", "content_type": 57, "codename": "view_picture"}}, {"model": "auth.group", "pk": 1, "fields": {"name": "Email Edit Group", "permissions": [65, 66, 67, 68]}}, {"model": "auth.user", "pk": 1, "fields": {"password": "pbkdf2_sha256$216000$XPcALLt26T9T$8sQw85m89wb6eQshPX3fVAJnbcoQi5Dy6xdviKxNF/U=", "last_login": "2020-09-18T23:20:08.138Z", "is_superuser": true, "username": "admin", "first_name": "", "last_name": "", "email": "admin@admin.ru", "is_staff": true, "is_active": true, "date_joined": "2020-04-09T13:42:47.460Z", "groups": [], "user_permissions": []}}, {"model": "auth.user", "pk": 2, "fields": {"password": "pbkdf2_sha256$216000$YRXkzVTuu48e$qgg4JpH1DW1ZbQI9zM6DU7SXaJFDps39BOxKoM1Ta00=", "last_login": "2020-11-26T21:33:04.696Z", "is_superuser": true, "username": "khusan", "first_name": "Khusan", "last_name": "Berdiev", "email": "berdiev.khusan@gmail.com", "is_staff": true, "is_active": true, "date_joined": "2020-11-03T13:47:16.467Z", "groups": [], "user_permissions": []}}, {"model": "auth.user", "pk": 3, "fields": {"password": "pbkdf2_sha256$216000$xdUpXwOTBpCx$6Lel+dhtEgt1Ws/U7IpaS9WoEaMwpDZ5IgWBhJWkSU0=", "last_login": null, "is_superuser": false, "username": "Sandra", "first_name": "Sandra", "last_name": "Ballac", "email": "cute_sandra@test.ru", "is_staff": true, "is_active": true, "date_joined": "2020-11-17T09:21:53Z", "groups": [], "user_permissions": [89, 90, 91, 92, 93, 94, 95, 96, 109, 110, 111, 112, 97, 98, 99, 100, 105, 106, 107, 108, 101, 102, 103, 104]}}, {"model": "auth.user", "pk": 4, "fields": {"password": "pbkdf2_sha256$216000$WOVUNGbXxUg9$ym2h5TNqWy1tnkQJB/kYPgZgLwXsXSTCt2YDDadJBlE=", "last_login": null, "is_superuser": false, "username": "agent2", "first_name": "Morgan", "last_name": "Fredman", "email": "morgan@test.ru", "is_staff": true, "is_active": true, "date_joined": "2020-11-17T10:08:23Z", "groups": [], "user_permissions": []}}, {"model": "auth.user", "pk": 5, "fields": {"password": "pbkdf2_sha256$216000$pgnySi5thy9b$7gxt9yuIig5SOnw4xv8wM8My/zfM5jL8xNStrbRoJWE=", "last_login": null, "is_superuser": false, "username": "Eugenia", "first_name": "Eugenia", "last_name": "Schwab", "email": "morgan@test.ru", "is_staff": true, "is_active": true, "date_joined": "2020-11-17T15:01:11Z", "groups": [], "user_permissions": []}}, {"model": "sites.site", "pk": 1, "fields": {"domain": "example.com", "name": "example.com"}}, {"model": "contenttypes.contenttype", "pk": 1, "fields": {"app_label": "admin", "model": "logentry"}}, {"model": "contenttypes.contenttype", "pk": 2, "fields": {"app_label": "auth", "model": "permission"}}, {"model": "contenttypes.contenttype", "pk": 3, "fields": {"app_label": "auth", "model": "group"}}, {"model": "contenttypes.contenttype", "pk": 4, "fields": {"app_label": "auth", "model": "user"}}, {"model": "contenttypes.contenttype", "pk": 5, "fields": {"app_label": "contenttypes", "model": "contenttype"}}, {"model": "contenttypes.contenttype", "pk": 6, "fields": {"app_label": "sessions", "model": "session"}}, {"model": "contenttypes.contenttype", "pk": 7, "fields": {"app_label": "menu", "model": "menu"}}, {"model": "contenttypes.contenttype", "pk": 8, "fields": {"app_label": "menu", "model": "menuitem"}}, {"model": "contenttypes.contenttype", "pk": 9, "fields": {"app_label": "sitetree", "model": "tree"}}, {"model": "contenttypes.contenttype", "pk": 10, "fields": {"app_label": "sitetree", "model": "treeitem"}}, {"model": "contenttypes.contenttype", "pk": 11, "fields": {"app_label": "taggit", "model": "tag"}}, {"model": "contenttypes.contenttype", "pk": 12, "fields": {"app_label": "taggit", "model": "taggeditem"}}, {"model": "contenttypes.contenttype", "pk": 13, "fields": {"app_label": "news", "model": "comment"}}, {"model": "contenttypes.contenttype", "pk": 14, "fields": {"app_label": "news", "model": "post"}}, {"model": "contenttypes.contenttype", "pk": 15, "fields": {"app_label": "news", "model": "category"}}, {"model": "contenttypes.contenttype", "pk": 16, "fields": {"app_label": "sites", "model": "site"}}, {"model": "contenttypes.contenttype", "pk": 17, "fields": {"app_label": "account", "model": "emailaddress"}}, {"model": "contenttypes.contenttype", "pk": 18, "fields": {"app_label": "account", "model": "emailconfirmation"}}, {"model": "contenttypes.contenttype", "pk": 19, "fields": {"app_label": "socialaccount", "model": "socialaccount"}}, {"model": "contenttypes.contenttype", "pk": 20, "fields": {"app_label": "socialaccount", "model": "socialapp"}}, {"model": "contenttypes.contenttype", "pk": 21, "fields": {"app_label": "socialaccount", "model": "socialtoken"}}, {"model": "contenttypes.contenttype", "pk": 22, "fields": {"app_label": "profiles", "model": "profile"}}, {"model": "contenttypes.contenttype", "pk": 23, "fields": {"app_label": "property", "model": "address"}}, {"model": "contenttypes.contenttype", "pk": 24, "fields": {"app_label": "property", "model": "feature"}}, {"model": "contenttypes.contenttype", "pk": 25, "fields": {"app_label": "property", "model": "picture"}}, {"model": "contenttypes.contenttype", "pk": 26, "fields": {"app_label": "property", "model": "propertycategory"}}, {"model": "contenttypes.contenttype", "pk": 27, "fields": {"app_label": "property", "model": "property"}}, {"model": "contenttypes.contenttype", "pk": 28, "fields": {"app_label": "property", "model": "featuredproperties"}}, {"model": "contenttypes.contenttype", "pk": 29, "fields": {"app_label": "pages", "model": "page"}}, {"model": "contenttypes.contenttype", "pk": 30, "fields": {"app_label": "django_simple_cookie_consent", "model": "cookieconsentsettings"}}, {"model": "contenttypes.contenttype", "pk": 31, "fields": {"app_label": "contacts", "model": "emails"}}, {"model": "contenttypes.contenttype", "pk": 32, "fields": {"app_label": "additions", "model": "faq"}}, {"model": "contenttypes.contenttype", "pk": 33, "fields": {"app_label": "additions", "model": "partners"}}, {"model": "contenttypes.contenttype", "pk": 34, "fields": {"app_label": "additions", "model": "testimonal"}}, {"model": "contenttypes.contenttype", "pk": 35, "fields": {"app_label": "agents", "model": "agent"}}, {"model": "contenttypes.contenttype", "pk": 36, "fields": {"app_label": "agents", "model": "team"}}, {"model": "contenttypes.contenttype", "pk": 37, "fields": {"app_label": "profiles", "model": "team"}}, {"model": "contenttypes.contenttype", "pk": 38, "fields": {"app_label": "admin_honeypot", "model": "loginattempt"}}, {"model": "contenttypes.contenttype", "pk": 39, "fields": {"app_label": "contacts", "model": "emailtoagent"}}, {"model": "contenttypes.contenttype", "pk": 40, "fields": {"app_label": "contacts", "model": "replyletter"}}, {"model": "contenttypes.contenttype", "pk": 41, "fields": {"app_label": "contacts", "model": "contactaddress"}}, {"model": "contenttypes.contenttype", "pk": 42, "fields": {"app_label": "contacts", "model": "contactemail"}}, {"model": "contenttypes.contenttype", "pk": 43, "fields": {"app_label": "contacts", "model": "contactnumber"}}, {"model": "contenttypes.contenttype", "pk": 44, "fields": {"app_label": "contacts", "model": "messageemail"}}, {"model": "contenttypes.contenttype", "pk": 45, "fields": {"app_label": "contacts", "model": "socialcontact"}}, {"model": "contenttypes.contenttype", "pk": 46, "fields": {"app_label": "contacts", "model": "twillocontact"}}, {"model": "contenttypes.contenttype", "pk": 47, "fields": {"app_label": "easy_thumbnails", "model": "source"}}, {"model": "contenttypes.contenttype", "pk": 48, "fields": {"app_label": "easy_thumbnails", "model": "thumbnail"}}, {"model": "contenttypes.contenttype", "pk": 49, "fields": {"app_label": "easy_thumbnails", "model": "thumbnaildimensions"}}, {"model": "contenttypes.contenttype", "pk": 50, "fields": {"app_label": "django_twilio", "model": "caller"}}, {"model": "contenttypes.contenttype", "pk": 51, "fields": {"app_label": "django_twilio", "model": "credential"}}, {"model": "contenttypes.contenttype", "pk": 52, "fields": {"app_label": "rentals", "model": "feature"}}, {"model": "contenttypes.contenttype", "pk": 53, "fields": {"app_label": "rentals", "model": "message"}}, {"model": "contenttypes.contenttype", "pk": 54, "fields": {"app_label": "rentals", "model": "propertycategory"}}, {"model": "contenttypes.contenttype", "pk": 55, "fields": {"app_label": "rentals", "model": "replymessage"}}, {"model": "contenttypes.contenttype", "pk": 56, "fields": {"app_label": "rentals", "model": "properties"}}, {"model": "contenttypes.contenttype", "pk": 57, "fields": {"app_label": "rentals", "model": "picture"}}, {"model": "sessions.session", "pk": "15fryjl5kbqdzc56svunvdjhqey7xhx6", "fields": {"session_data": "ZDA0YzUyNWQ2ZmQzNWQ0OTBiMDIwOGVlYWJhM2EyOWY4ZmI1ZGJjNjp7Il9hdXRoX3VzZXJfaWQiOiIxIiwiX2F1dGhfdXNlcl9iYWNrZW5kIjoiZGphbmdvLmNvbnRyaWIuYXV0aC5iYWNrZW5kcy5Nb2RlbEJhY2tlbmQiLCJfYXV0aF91c2VyX2hhc2giOiJkZTllNzcyOGI3ZGIyZDRhZjVhZmVjYmM3NTY5YjBhOTdhZjU1ZTBmIn0=", "expire_date": "2020-04-23T18:56:32.875Z"}}, {"model": "sessions.session", "pk": "17vwj232vilhn1x1pzc8ukfl80jdh3i2", "fields": {"session_data": ".eJxVjEEOwiAQRe_C2hAKpZQu3XsGMsNMLGrAQJtojHfXJl3o9r_330sEWJc5rI1rSCQmocXhd0OIV84boAvkc5Gx5KUmlJsid9rkqRDfjrv7F5ihzd_36ICwR_BqsMQxGjcY5M4xgUUFbEeHekRCi53CrjcAngZtvDNWgbJbtHFrqeTAj3uqTzGp9we5gT-G:1keFAh:av1RfLqJuIUYfPDtZKQ66D3smt93g6Yms7YDHZRLOao", "expire_date": "2020-11-29T10:22:11.668Z"}}, {"model": "sessions.session", "pk": "3mlrbrf78xedsue2ywa87v8eani7ja0y", "fields": {"session_data": ".eJxVjEEOwiAQRe_C2hAKpZQu3XsGMsNMLGrAQJtojHfXJl3o9r_330sEWJc5rI1rSCQmocXhd0OIV84boAvkc5Gx5KUmlJsid9rkqRDfjrv7F5ihzd_36ICwR_BqsMQxGjcY5M4xgUUFbEeHekRCi53CrjcAngZtvDNWgbJbtHFrqeTAj3uqTzGp9we5gT-G:1kbv6w:utiAdeEs-3cOxjLXc5t8xi9Cu7GdPAm_rbXnMzMIOhU", "expire_date": "2020-11-23T00:32:42.209Z"}}, {"model": "sessions.session", "pk": "4yjdiou369gnqi7zpbxf2eftxzy65eu8", "fields": {"session_data": ".eJxVjDsOwjAQBe_iGln-xD9Kes5g7XpXOIBsKU4qxN0hUgpo38y8l8iwrTVvg5c8kzgLI06_G0J5cNsB3aHduiy9rcuMclfkQYe8duLn5XD_DiqM-q1jAMIJISnviEuxwVtkHZjAoQJ2MaCJSOhQK9STBUjkjU3BOgXKifcHCYY4SQ:1kfhlv:hugQsiRXhJybYiMhjm20adeRSY97qOe1NHpPkOMcnDw", "expire_date": "2020-12-03T11:06:39.854Z"}}, {"model": "sessions.session", "pk": "8zwmc6rblfluqacws80gypv9gmd5y5oa", "fields": {"session_data": ".eJxVjDsOwjAQBe_iGln-xD9Kes5g7XpXOIBsKU4qxN0hUgpo38y8l8iwrTVvg5c8kzgLI06_G0J5cNsB3aHduiy9rcuMclfkQYe8duLn5XD_DiqM-q1jAMIJISnviEuxwVtkHZjAoQJ2MaCJSOhQK9STBUjkjU3BOgXKifcHCYY4SQ:1keoYD:lwhdSDsry5uJSVH4ZmeqKMGaFE63iZkMTl7SJhu_aTM", "expire_date": "2020-12-01T00:08:49.473Z"}}, {"model": "sessions.session", "pk": "91ttzsarecmtoxkc7csg4azg9fg73imy", "fields": {"session_data": ".eJxVjDsOwjAQBe_iGln-xD9Kes5g7XpXOIBsKU4qxN0hUgpo38y8l8iwrTVvg5c8kzgLI06_G0J5cNsB3aHduiy9rcuMclfkQYe8duLn5XD_DiqM-q1jAMIJISnviEuxwVtkHZjAoQJ2MaCJSOhQK9STBUjkjU3BOgXKifcHCYY4SQ:1kZwf6:dTRTfkpjChAsFaHMmiyZv3-tWf61SGUdDlJaC3hdCLY", "expire_date": "2020-11-17T13:47:48.586Z"}}, {"model": "sessions.session", "pk": "cjiu5cxe7ate98i7ey3lok2wfhvvphr6", "fields": {"session_data": ".eJxVjEEOwiAQRe_C2hAKpZQu3XsGMsNMLGrAQJtojHfXJl3o9r_330sEWJc5rI1rSCQmocXhd0OIV84boAvkc5Gx5KUmlJsid9rkqRDfjrv7F5ihzd_36ICwR_BqsMQxGjcY5M4xgUUFbEeHekRCi53CrjcAngZtvDNWgbJbtHFrqeTAj3uqTzGp9we5gT-G:1kdzCn:cwon0cTo1RNfyIAJpfIZHxYdh_vNY3e_hch8GU_mFkI", "expire_date": "2020-11-28T17:19:17.416Z"}}, {"model": "sessions.session", "pk": "oo679lg1u4dd556q3lpz58xf6lvrl0pi", "fields": {"session_data": "ZDA0YzUyNWQ2ZmQzNWQ0OTBiMDIwOGVlYWJhM2EyOWY4ZmI1ZGJjNjp7Il9hdXRoX3VzZXJfaWQiOiIxIiwiX2F1dGhfdXNlcl9iYWNrZW5kIjoiZGphbmdvLmNvbnRyaWIuYXV0aC5iYWNrZW5kcy5Nb2RlbEJhY2tlbmQiLCJfYXV0aF91c2VyX2hhc2giOiJkZTllNzcyOGI3ZGIyZDRhZjVhZmVjYmM3NTY5YjBhOTdhZjU1ZTBmIn0=", "expire_date": "2020-04-23T23:21:01.421Z"}}, {"model": "sessions.session", "pk": "sb8yyuzfi6n72lhjt6wkik1hotypdwwr", "fields": {"session_data": ".eJxVjEEOwiAQRe_C2hAKpZQu3XsGMsNMLGrAQJtojHfXJl3o9r_330sEWJc5rI1rSCQmocXhd0OIV84boAvkc5Gx5KUmlJsid9rkqRDfjrv7F5ihzd_36ICwR_BqsMQxGjcY5M4xgUUFbEeHekRCi53CrjcAngZtvDNWgbJbtHFrqeTAj3uqTzGp9we5gT-G:1kiOsy:ix979OUvzpVr86TM0SuY7Upm4kQXKEmEg2Q7oBAhgAQ", "expire_date": "2020-12-10T21:33:04.728Z"}}, {"model": "sessions.session", "pk": "vd5neqqlfjcpu6wa0e6zx2gfvav13dym", "fields": {"session_data": ".eJxVjDEOwyAQBP9CHSE4Gwwp0_sN6OCO4CTCkrGrKH-PLblIim12ZvctAm5rCVvjJUwkrkKLy28XMT25HoAeWO-zTHNdlynKQ5EnbXKciV-30_07KNjKvkaVjOU8ADFq7rJD7yHyHguqdykqxkjKZKeTBwdsOuuJgBCH3jOJzxcEjzjE:1kJPfk:RkCA_Ro8C65i02hUHzYs8Qx3HrhF1n7wiPJ3KAtSUEQ", "expire_date": "2020-10-02T23:20:08.145Z"}}, {"model": "sitetree.tree", "pk": 1, "fields": {"title": "menu", "alias": "menu"}}, {"model": "sitetree.tree", "pk": 2, "fields": {"title": "menu2", "alias": "menu2"}}, {"model": "sitetree.treeitem", "pk": 1, "fields": {"title": "Home", "hint": "", "url": "/", "urlaspattern": false, "tree": 1, "hidden": false, "alias": null, "description": "", "inmenu": true, "inbreadcrumbs": true, "insitetree": true, "access_loggedin": false, "access_guest": false, "access_restricted": false, "access_perm_type": 1, "parent": null, "sort_order": 1, "access_permissions": []}}, {"model": "sitetree.treeitem", "pk": 2, "fields": {"title": "Properties", "hint": "", "url": "/rentals/list", "urlaspattern": false, "tree": 1, "hidden": false, "alias": null, "description": "", "inmenu": true, "inbreadcrumbs": true, "insitetree": true, "access_loggedin": false, "access_guest": false, "access_restricted": false, "access_perm_type": 1, "parent": null, "sort_order": 2, "access_permissions": []}}, {"model": "sitetree.treeitem", "pk": 3, "fields": {"title": "Property Listings", "hint": "", "url": "/rentals/list", "urlaspattern": false, "tree": 1, "hidden": false, "alias": null, "description": "", "inmenu": true, "inbreadcrumbs": true, "insitetree": true, "access_loggedin": false, "access_guest": false, "access_restricted": false, "access_perm_type": 1, "parent": 2, "sort_order": 3, "access_permissions": []}}, {"model": "sitetree.treeitem", "pk": 4, "fields": {"title": "Property Details", "hint": "", "url": "/1", "urlaspattern": false, "tree": 1, "hidden": false, "alias": null, "description": "", "inmenu": true, "inbreadcrumbs": true, "insitetree": true, "access_loggedin": false, "access_guest": false, "access_restricted": false, "access_perm_type": 1, "parent": 2, "sort_order": 4, "access_permissions": []}}, {"model": "sitetree.treeitem", "pk": 5, "fields": {"title": "Others", "hint": "", "url": "rental/1", "urlaspattern": false, "tree": 1, "hidden": false, "alias": null, "description": "", "inmenu": true, "inbreadcrumbs": true, "insitetree": true, "access_loggedin": false, "access_guest": false, "access_restricted": false, "access_perm_type": 1, "parent": 2, "sort_order": 5, "access_permissions": []}}, {"model": "sitetree.treeitem", "pk": 6, "fields": {"title": "Rental List", "hint": "", "url": "/rentals/list", "urlaspattern": false, "tree": 1, "hidden": false, "alias": null, "description": "", "inmenu": true, "inbreadcrumbs": true, "insitetree": true, "access_loggedin": false, "access_guest": false, "access_restricted": false, "access_perm_type": 1, "parent": 3, "sort_order": 6, "access_permissions": []}}, {"model": "sitetree.treeitem", "pk": 7, "fields": {"title": "Rental Detail", "hint": "", "url": "/1", "urlaspattern": false, "tree": 1, "hidden": false, "alias": null, "description": "", "inmenu": true, "inbreadcrumbs": true, "insitetree": true, "access_loggedin": false, "access_guest": false, "access_restricted": false, "access_perm_type": 1, "parent": 3, "sort_order": 7, "access_permissions": []}}, {"model": "sitetree.treeitem", "pk": 9, "fields": {"title": "Contact Us", "hint": "", "url": "/contacts", "urlaspattern": false, "tree": 1, "hidden": false, "alias": null, "description": "", "inmenu": true, "inbreadcrumbs": true, "insitetree": true, "access_loggedin": false, "access_guest": false, "access_restricted": false, "access_perm_type": 1, "parent": null, "sort_order": 13, "access_permissions": []}}, {"model": "sitetree.treeitem", "pk": 10, "fields": {"title": "News", "hint": "", "url": "/news", "urlaspattern": false, "tree": 1, "hidden": false, "alias": null, "description": "", "inmenu": true, "inbreadcrumbs": true, "insitetree": true, "access_loggedin": false, "access_guest": false, "access_restricted": false, "access_perm_type": 1, "parent": null, "sort_order": 9, "access_permissions": []}}, {"model": "sitetree.treeitem", "pk": 11, "fields": {"title": "FAQ", "hint": "", "url": "/faq", "urlaspattern": false, "tree": 1, "hidden": false, "alias": null, "description": "", "inmenu": true, "inbreadcrumbs": true, "insitetree": true, "access_loggedin": false, "access_guest": false, "access_restricted": false, "access_perm_type": 1, "parent": null, "sort_order": 10, "access_permissions": []}}, {"model": "sitetree.treeitem", "pk": 12, "fields": {"title": "What is Broker?", "hint": "", "url": "www.google.com", "urlaspattern": false, "tree": 1, "hidden": false, "alias": null, "description": "", "inmenu": true, "inbreadcrumbs": true, "insitetree": true, "access_loggedin": false, "access_guest": false, "access_restricted": false, "access_perm_type": 1, "parent": 10, "sort_order": 12, "access_permissions": []}}, {"model": "sitetree.treeitem", "pk": 13, "fields": {"title": "About  Us", "hint": "", "url": "about-us", "urlaspattern": false, "tree": 1, "hidden": false, "alias": null, "description": "", "inmenu": true, "inbreadcrumbs": true, "insitetree": true, "access_loggedin": false, "access_guest": false, "access_restricted": false, "access_perm_type": 1, "parent": null, "sort_order": 11, "access_permissions": []}}, {"model": "sitetree.treeitem", "pk": 14, "fields": {"title": "Our Team", "hint": "", "url": "/teams", "urlaspattern": false, "tree": 1, "hidden": false, "alias": null, "description": "", "inmenu": true, "inbreadcrumbs": true, "insitetree": true, "access_loggedin": false, "access_guest": false, "access_restricted": false, "access_perm_type": 1, "parent": 13, "sort_order": 14, "access_permissions": []}}, {"model": "taggit.tag", "pk": 1, "fields": {"name": "search", "slug": "search"}}, {"model": "taggit.tag", "pk": 2, "fields": {"name": "cobra", "slug": "cobra"}}, {"model": "taggit.tag", "pk": 3, "fields": {"name": "django", "slug": "django"}}, {"model": "taggit.tag", "pk": 4, "fields": {"name": "music", "slug": "music"}}, {"model": "taggit.tag", "pk": 5, "fields": {"name": "phone", "slug": "phone"}}, {"model": "taggit.taggeditem", "pk": 1, "fields": {"tag": 1, "content_type": 14, "object_id": 1}}, {"model": "taggit.taggeditem", "pk": 2, "fields": {"tag": 2, "content_type": 14, "object_id": 1}}, {"model": "taggit.taggeditem", "pk": 3, "fields": {"tag": 3, "content_type": 14, "object_id": 1}}, {"model": "taggit.taggeditem", "pk": 4, "fields": {"tag": 4, "content_type": 14, "object_id": 2}}, {"model": "taggit.taggeditem", "pk": 5, "fields": {"tag": 5, "content_type": 14, "object_id": 2}}, {"model": "news.category", "pk": 2, "fields": {"category_name": "Air Conditioning", "slug": "air-conditioning", "category_description": ""}}, {"model": "news.category", "pk": 3, "fields": {"category_name": "Home Speciality", "slug": "home-speciality", "category_description": ""}}, {"model": "news.post", "pk": 1, "fields": {"title": "Easy your wat to the Global sotck", "post_category": 3, "post_image": "blog/2020/09/30/best-deal1.jpg", "slug": "easy-your-wat-global-sotck", "author": 1, "body": "<div class=\"row\">\r\n<div class=\"clearfix news-1-box\">\r\n<div class=\"col-md-12 col-sm-12 col-xs-12\">Lorem ipsum dolor sit amet, consectetur adipiscing elit. Duis mollis et sem sed sollicitudin. Donec non odio neque. Aliquam hendrerit sollicitudin purus, quis rutrum mi accumsan nec. Quisque bibendum orci ac nibh facilisis, at malesuada orci congue.</div>\r\n\r\n<div class=\"col-md-12 col-sm-12 col-xs-12 top30\">\r\n<p>Lorem ipsum dolor sit amet, consectetur adipiscing elit. Duis mollis et sem sed sollicitudin. Donec non odio neque. Aliquam hendrerit sollicitudin purus, quis rutrum mi accumsan nec. <strong>Quisque bibendum orci ac nibh facilisis</strong>, at malesuada orci congue. Nullam tempus sollicitudin cursus. Ut et adipiscing erat. Curabitur this is a text link libero tempus congue.</p>\r\n\r\n<p>Duis mattis laoreet neque, et ornare neque sollicitudin at. Proin sagittis dolor sed mi elementum pretium. Donec et justo ante. Vivamus egestas sodales est, eu rhoncus urna semper eu. Cum sociis natoque penatibus et magnis dis parturient montes, nascetur ridiculus mus. Integer tristique elit lobortis purus bibendum, quis dictum metus mattis. Phasellus posuere felis sed eros porttitor mattis. Curabitur massa magna, tempor in blandit id, porta in ligula. Aliquam laoreet nisl massa, at interdum mauris sollicitudin et.</p>\r\n\r\n<h3>Get the best property in Town</h3>\r\n\r\n<p>Lorem ipsum dolor sit amet, consectetur adipiscing elit. Duis mollis et sem sed sollicitudin. Donec non odio neque. Aliquam hendrerit sollicitudin purus, quis rutrum mi accumsan nec. Quisque bibendum orci ac nibh facilisis, at malesuada orci congue.</p>\r\n</div>\r\n</div>\r\n</div>\r\n\r\n<div class=\"row\">\r\n<div class=\"clearfix news-1-box\">\r\n<div class=\"col-md-6 col-sm-6 col-xs-12\"><img alt=\"image\" class=\"bottom15 img-responsive\" src=\"/media/uploads/2020/09/30/b-d-property2.jpg\" /></div>\r\n\r\n<div class=\"col-md-6 col-sm-6 col-xs-12 padding-left-25\">\r\n<p>Lorem ipsum dolor sit amet, consectetur adipiscing elit. Duis mollis et sem sed sollicitudin. Donec non odio neque. Aliquam hendrerit sollicitudin purus, quis rutrum mi accumsan nec. Quisque bibendum orci ac nibh facilisis, at malesuada orci congue.</p>\r\n\r\n<p>Lorem ipsum dolor sit amet, consectetur adipiscing elit. Duis mollis et sem sed sollicitudin. Donec non odio neque. Aliquam hendrerit sollicitudin purus, quis rutrum mi accumsan nec. <strong>Quisque bibendum orci ac nibh facilisis</strong>, at malesuada orci congue.</p>\r\n</div>\r\n\r\n<div class=\"col-md-12\">\r\n<p>Lorem ipsum dolor sit amet, consectetur adipiscing elit. Duis mollis et sem sed sollicitudin. Donec non odio neque. Aliquam hendrerit sollicitudin purus, quis rutrum mi accumsan nec. Quisque bibendum orci ac nibh facilisis, at malesuada orci congue.</p>\r\n</div>\r\n</div>\r\n</div>\r\n\r\n<div class=\"row\">\r\n<div class=\"col-md-12\">\r\n<div class=\"text-it-p\">\r\n<p>Lorem ipsum dolor sit amet, consectetuer adipiscing elit, sed diam power nonummy nibh tempor cum soluta nobis eleifend option congue nihil imperdiet doming Lorem ipsum dolor sit amet. consectetuer elit sed diam power nonummy</p>\r\n</div>\r\n</div>\r\n</div>", "publish": "2020-09-30T14:35:04Z", "created": "2020-09-30T14:41:17.091Z", "updated": "2020-11-21T22:26:33.964Z", "status": "published"}}, {"model": "news.post", "pk": 2, "fields": {"title": "Who is Django Reinghart", "post_category": 2, "post_image": "blog/2020/09/30/blog-1.jpg", "slug": "who-django-reinghart", "author": 1, "body": "<div class=\"row\">\r\n<div class=\"clearfix news-1-box\">\r\n<div class=\"col-md-12 col-sm-12 col-xs-12\">Lorem ipsum dolor sit amet, consectetur adipiscing elit. Duis mollis et sem sed sollicitudin. Donec non odio neque. Aliquam hendrerit sollicitudin purus, quis rutrum mi accumsan nec. Quisque bibendum orci ac nibh facilisis, at malesuada orci congue.</div>\r\n\r\n<div class=\"col-md-12 col-sm-12 col-xs-12 top30\">\r\n<p>Lorem ipsum dolor sit amet, consectetur adipiscing elit. Duis mollis et sem sed sollicitudin. Donec non odio neque. Aliquam hendrerit sollicitudin purus, quis rutrum mi accumsan nec. <strong>Quisque bibendum orci ac nibh facilisis</strong>, at malesuada orci congue. Nullam tempus sollicitudin cursus. Ut et adipiscing erat. Curabitur this is a text link libero tempus congue.</p>\r\n\r\n<p>Duis mattis laoreet neque, et ornare neque sollicitudin at. Proin sagittis dolor sed mi elementum pretium. Donec et justo ante. Vivamus egestas sodales est, eu rhoncus urna semper eu. Cum sociis natoque penatibus et magnis dis parturient montes, nascetur ridiculus mus. Integer tristique elit lobortis purus bibendum, quis dictum metus mattis. Phasellus posuere felis sed eros porttitor mattis. Curabitur massa magna, tempor in blandit id, porta in ligula. Aliquam laoreet nisl massa, at interdum mauris sollicitudin et.</p>\r\n\r\n<h3>Get the best property in Town</h3>\r\n\r\n<p>Lorem ipsum dolor sit amet, consectetur adipiscing elit. Duis mollis et sem sed sollicitudin. Donec non odio neque. Aliquam hendrerit sollicitudin purus, quis rutrum mi accumsan nec. Quisque bibendum orci ac nibh facilisis, at malesuada orci congue.</p>\r\n</div>\r\n</div>\r\n</div>\r\n\r\n<div class=\"row\">\r\n<div class=\"clearfix news-1-box\">\r\n<div class=\"col-md-6 col-sm-6 col-xs-12\"><img alt=\"image\" class=\"bottom15 img-responsive\" src=\"/media/uploads/2020/09/30/b-d-property2.jpg\" /></div>\r\n\r\n<div class=\"col-md-6 col-sm-6 col-xs-12 padding-left-25\">\r\n<p>Lorem ipsum dolor sit amet, consectetur adipiscing elit. Duis mollis et sem sed sollicitudin. Donec non odio neque. Aliquam hendrerit sollicitudin purus, quis rutrum mi accumsan nec. Quisque bibendum orci ac nibh facilisis, at malesuada orci congue.</p>\r\n\r\n<p>Lorem ipsum dolor sit amet, consectetur adipiscing elit. Duis mollis et sem sed sollicitudin. Donec non odio neque. Aliquam hendrerit sollicitudin purus, quis rutrum mi accumsan nec. <strong>Quisque bibendum orci ac nibh facilisis</strong>, at malesuada orci congue.</p>\r\n</div>\r\n\r\n<div class=\"col-md-12\">\r\n<p>Lorem ipsum dolor sit amet, consectetur adipiscing elit. Duis mollis et sem sed sollicitudin. Donec non odio neque. Aliquam hendrerit sollicitudin purus, quis rutrum mi accumsan nec. Quisque bibendum orci ac nibh facilisis, at malesuada orci congue.</p>\r\n</div>\r\n</div>\r\n</div>\r\n\r\n<div class=\"row\">\r\n<div class=\"col-md-12\">\r\n<div class=\"text-it-p\">\r\n<p>Lorem ipsum dolor sit amet, consectetuer adipiscing elit, sed diam power nonummy nibh tempor cum soluta nobis eleifend option congue nihil imperdiet doming Lorem ipsum dolor sit amet. consectetuer elit sed diam power nonummy</p>\r\n</div>\r\n</div>\r\n</div>", "publish": "2020-09-30T23:42:47Z", "created": "2020-09-30T23:43:43.147Z", "updated": "2020-10-01T10:17:27.427Z", "status": "published"}}, {"model": "profiles.profile", "pk": 1, "fields": {"user": 2, "date_of_birth": "2020-11-17", "mobile": "015775140214", "photo": "users/2020/11/17/agent3.jpg", "about": "I am developer and cofounder of the digital agency", "my_favorities": [3]}}, {"model": "profiles.profile", "pk": 2, "fields": {"user": 3, "date_of_birth": "2020-11-17", "mobile": "015775140214", "photo": "users/2020/11/17/agent-two.jpg", "about": "Of course, buying real estate is a significant event in everyone's life. And I am glad that I can be useful to people in this important and responsible business. I guarantee on my part a professional approach, a full understanding of your needs and an immeasurable desire to help you - and now you have the owner of the apartment of your dreams!", "my_favorities": []}}, {"model": "profiles.profile", "pk": 4, "fields": {"user": 4, "date_of_birth": "2020-11-17", "mobile": "015775140214", "photo": "users/2020/11/17/agent-one_SdJBt7D.jpg", "about": "Focused on providing the highest quality service possible. Goal at work: To exceed customer expectations", "my_favorities": []}}, {"model": "profiles.profile", "pk": 5, "fields": {"user": 5, "date_of_birth": "2020-11-17", "mobile": "015775140214", "photo": "users/2020/11/17/agent-five.jpg", "about": "I have many years of experience in the multifunctional center \"My documents.\" This is an important fact, because the filing of documents for registration of real estate takes place here, and I, like no other know all these nuances.", "my_favorities": []}}, {"model": "profiles.team", "pk": 2, "fields": {"priority": 1, "occupation": "Sales Director", "created_at": "2020-11-17", "update_at": "2020-11-17"}}, {"model": "profiles.team", "pk": 4, "fields": {"priority": 4, "occupation": "Director of Metrika Real Estat", "created_at": "2020-11-17", "update_at": "2020-11-17"}}, {"model": "profiles.team", "pk": 5, "fields": {"priority": 2, "occupation": "Real estate specialist", "created_at": "2020-11-17", "update_at": "2020-11-17"}}, {"model": "property.feature", "pk": 1, "fields": {"title": "Gas", "description": "gas", "created": "2020-11-03T16:33:51.509Z"}}, {"model": "property.feature", "pk": 2, "fields": {"title": "Electricity", "description": "sd", "created": "2020-11-03T16:34:15.388Z"}}, {"model": "property.propertycategory", "pk": 1, "fields": {"title": "Appartment", "description": "apartment for rent", "created": "2020-11-03T16:30:54.046Z"}}, {"model": "property.property", "pk": 3, "fields": {"user": 2, "address": "Address: 45 Regent Street, London, UK status", "short_description": "Historic Town House", "size": "0.01", "price": "0.01", "bedroom": 1, "bathroom": 1, "available_from": "2020-11-24", "status": "1", "purpose": "1", "category": 1, "year_built": 1, "garage": 0, "floor": 1, "total_floor": 1, "internet": "available", "description": "<p>Some test</p>", "pet_policy": "1", "created": "2020-11-24T15:11:21.629Z", "featured": true, "slug": "mathematics", "feature": [1, 2]}}, {"model": "property.picture", "pk": 9, "fields": {"title": null, "Property": 3, "picture": "blog-3.jpg", "created_at": "2020-11-24T15:11:21.685Z", "update_at": "2020-11-24T15:11:21.685Z"}}, {"model": "pages.page", "pk": 1, "fields": {"title": "Career", "slug": "career", "body": "<p>We have no any vacancies for now</p>", "author": 1, "created_at": "2020-11-15T12:21:36.237Z", "update_at": "2020-11-21T22:25:15.278Z"}}, {"model": "django_simple_cookie_consent.cookieconsentsettings", "pk": 1, "fields": {"message": "This website uses cookies to ensure you get the best experience on our website.", "button_text": "Got it!", "cookie_policy_link": "https://www.cookiepolicygenerator.com/live.php?token=edxK3EOaJtfM9SDhm1oxUlq4bugJDray", "cookie_policy_link_text": "Learn more", "banner_colour": "#252e39", "banner_text_colour": "#ffffff", "button_colour": "#3acdf6", "button_text_colour": "#ffffff"}}, {"model": "contacts.emails", "pk": 1, "fields": {"sender": "Khusan Berdiev", "email": "berdiev.khusan@gmail.com", "message": "sdfsdf", "created_at": "2020-11-09T10:22:37.355Z", "updated_at": "2020-11-09T10:22:37.355Z"}}, {"model": "contacts.emails", "pk": 2, "fields": {"sender": "Khusan Berdiev", "email": "berdiev.khusan@gmail.com", "message": "sdf", "created_at": "2020-11-09T10:22:48.909Z", "updated_at": "2020-11-09T10:22:48.909Z"}}, {"model": "contacts.emails", "pk": 3, "fields": {"sender": "Khusan Berdiev", "email": "berdiev.khusan@gmail.com", "message": "dsds", "created_at": "2020-11-09T10:36:53.130Z", "updated_at": "2020-11-09T10:36:53.130Z"}}, {"model": "contacts.emails", "pk": 4, "fields": {"sender": "Khusan Berdiev", "email": "berdiev.khusan@gmail.com", "message": "sdf", "created_at": "2020-11-25T10:30:57.736Z", "updated_at": "2020-11-25T10:30:57.736Z"}}, {"model": "contacts.emails", "pk": 5, "fields": {"sender": "Khusan Berdiev", "email": "berdiev.khusan@gmail.com", "message": "sdf", "created_at": "2020-11-25T10:31:58.166Z", "updated_at": "2020-11-25T10:31:58.166Z"}}, {"model": "contacts.emails", "pk": 6, "fields": {"sender": "Khusan Berdiev", "email": "berdiev.khusan@gmail.com", "message": "testing the project", "created_at": "2020-11-25T10:32:16.207Z", "updated_at": "2020-11-25T10:32:16.208Z"}}, {"model": "contacts.emails", "pk": 7, "fields": {"sender": "Khusan Berdiev", "email": "berdiev.khusan@gmail.com", "message": "testing the project", "created_at": "2020-11-25T10:34:35.629Z", "updated_at": "2020-11-25T10:34:35.629Z"}}, {"model": "contacts.emails", "pk": 8, "fields": {"sender": "Khusan Berdiev", "email": "berdiev.khusan@gmail.com", "message": "testing the project", "created_at": "2020-11-25T10:36:12.320Z", "updated_at": "2020-11-25T10:36:12.320Z"}}, {"model": "contacts.emails", "pk": 9, "fields": {"sender": "Khusan Berdiev", "email": "berdiev.khusan@gmail.com", "message": "testing sending email to customer", "created_at": "2020-11-25T10:37:16.679Z", "updated_at": "2020-11-25T10:37:16.680Z"}}, {"model": "contacts.emailtoagent", "pk": 4, "fields": {"agent": 1, "phone_number": null, "is_checked": false, "is_replied": false}}, {"model": "contacts.emailtoagent", "pk": 5, "fields": {"agent": 1, "phone_number": null, "is_checked": false, "is_replied": false}}, {"model": "contacts.emailtoagent", "pk": 6, "fields": {"agent": 2, "phone_number": null, "is_checked": false, "is_replied": false}}, {"model": "contacts.emailtoagent", "pk": 7, "fields": {"agent": 2, "phone_number": null, "is_checked": false, "is_replied": false}}, {"model": "contacts.emailtoagent", "pk": 8, "fields": {"agent": 2, "phone_number": null, "is_checked": false, "is_replied": false}}, {"model": "contacts.emailtoagent", "pk": 9, "fields": {"agent": 4, "phone_number": null, "is_checked": false, "is_replied": false}}, {"model": "contacts.twillocontact", "pk": 1, "fields": {"title": "Twillo", "twillo_account": "ACb68fa66b2e3a3cd32d25c37542db4f36", "twillo_token": "010d58583d65ff34a2acd9584b01240e", "twillo_number": "+19166195461", "default_twillo": "True", "created": "2020-11-26T23:03:43.820Z", "user": []}}, {"model": "additions.faq", "pk": 1, "fields": {"title": "Suspendisse eleifend massa commodo porta lacus bibendum?", "body": "Lorem ipsum dolor sit amet, consectetur adipiscing elit. Cras et dui vestibulum, bibendum purus sit amet, vulputate mauris. Ut adipiscing gravida tincidunt. Duis euismod placerat rhoncus. Phasellus mollis imperdiet placerat. Sed ac turpis nisl. Mauris at ante mauris. Aliquam posuere fermentum lorem, a aliquam mauris rutrum a. Curabitur sit amet pretium lectus, nec consequat orci.\r\n\r\nClass aptent taciti sociosqu ad litora torquent per conubia nostra, per inceptos himenaeos. Duis et metus in libero sollicitudin venenatis eu sed enim. Nam felis lorem, suscipit ac nisl ac, iaculis dapibus tellus. Cras ante justo, aliquet quis placerat nec, molestie id turpis.", "is_active": true, "priority": 1, "created_at": "2020-11-09", "updated_at": "2020-11-09"}}, {"model": "additions.faq", "pk": 2, "fields": {"title": "What is Broker?", "body": "Keep away from people who try to belittle your ambitions. Small people always do that but the really Keep away from people great. Keep away from people who try to belittle your ambitions. Small people always do that but the really Keep away from people great.", "is_active": true, "priority": 3, "created_at": "2020-11-09", "updated_at": "2020-11-09"}}, {"model": "additions.faq", "pk": 3, "fields": {"title": "Aliquam eget quam iaculis.", "body": "Lorem ipsum dolor sit amet, consectetur adipiscing elit. Cras et dui vestibulum, bibendum purus sit amet, vulputate mauris. Ut adipiscing gravida tincidunt. Duis euismod placerat rhoncus. Phasellus mollis imperdiet placerat. Sed ac turpis nisl. Mauris at ante mauris. Aliquam posuere fermentum lorem, a aliquam mauris rutrum a. Curabitur sit amet pretium lectus, nec consequat orci.\r\n\r\nClass aptent taciti sociosqu ad litora torquent per conubia nostra, per inceptos himenaeos. Duis et metus in libero sollicitudin venenatis eu sed enim. Nam felis lorem, suscipit ac nisl ac, iaculis dapibus tellus. Cras ante justo, aliquet quis placerat nec, molestie id turpis.", "is_active": true, "priority": 2, "created_at": "2020-11-09", "updated_at": "2020-11-09"}}, {"model": "additions.faq", "pk": 4, "fields": {"title": "sodales tellus non, gravida turpis?", "body": "Keep away from people who try to belittle your ambitions. Small people always do that but the really Keep away from people great. Keep away from people who try to belittle your ambitions. Small people always do that but the really Keep away from people great.", "is_active": true, "priority": 3, "created_at": "2020-11-09", "updated_at": "2020-11-09"}}, {"model": "additions.partners", "pk": 1, "fields": {"partner_name": "BearBrand", "partner_url": "http://www.bearbrand.com", "logo": "partners/logo3.png", "priority": 8, "is_active": true, "created_at": "2020-11-09", "updated_at": "2020-11-09"}}, {"model": "additions.partners", "pk": 2, "fields": {"partner_name": "harish", "partner_url": "http://www.bearbrand.com", "logo": "partners/logo4.png", "priority": 12, "is_active": true, "created_at": "2020-11-09", "updated_at": "2020-11-09"}}, {"model": "additions.partners", "pk": 3, "fields": {"partner_name": "Your Name", "partner_url": "http://www.bearbrand.com", "logo": "partners/logo2.png", "priority": 4, "is_active": true, "created_at": "2020-11-09", "updated_at": "2020-11-09"}}, {"model": "additions.partners", "pk": 4, "fields": {"partner_name": "Partner", "partner_url": "http://www.bearbrand.com", "logo": "partners/logo1.png", "priority": 2, "is_active": true, "created_at": "2020-11-09", "updated_at": "2020-11-09"}}, {"model": "additions.partners", "pk": 5, "fields": {"partner_name": "Google", "partner_url": "http://www.bearbrand.com", "logo": "partners/logo5.png", "priority": 3, "is_active": true, "created_at": "2020-11-15", "updated_at": "2020-11-15"}}, {"model": "additions.testimonal", "pk": 1, "fields": {"full_name": "Sam Nicolson", "image": "testimonal/testinomils.png", "company": "Digital Motion", "comment": "Recognize the Value of Word of Mouth Marketing. Great word of mouth (WOM) is a priceless asset for any small business, and word of mouth marketing (WOMM) is hands-down .", "is_active": true, "created_at": "2020-11-15", "update_at": "2020-11-15"}}, {"model": "admin_honeypot.loginattempt", "pk": 1, "fields": {"username": "khusan", "ip_address": "127.0.0.1", "session_key": "9g9b104e6fnsvvf3b3ccqo1dqohvtsi5", "user_agent": "Mozilla/5.0 (Windows NT 10.0; Win64; x64) AppleWebKit/537.36 (KHTML, like Gecko) Chrome/87.0.4280.66 Safari/537.36 Edg/87.0.664.41", "timestamp": "2020-11-21T22:23:11.168Z", "path": "/admin/login/?next=/admin/sitetree/tree/1/change/"}}, {"model": "admin_honeypot.loginattempt", "pk": 2, "fields": {"username": "khusan", "ip_address": "127.0.0.1", "session_key": "9g9b104e6fnsvvf3b3ccqo1dqohvtsi5", "user_agent": "Mozilla/5.0 (Windows NT 10.0; Win64; x64) AppleWebKit/537.36 (KHTML, like Gecko) Chrome/87.0.4280.66 Safari/537.36 Edg/87.0.664.41", "timestamp": "2020-11-21T22:23:12.781Z", "path": "/admin/login/?next=/admin/sitetree/tree/1/change/"}}, {"model": "admin_honeypot.loginattempt", "pk": 3, "fields": {"username": "khusan", "ip_address": "127.0.0.1", "session_key": "9g9b104e6fnsvvf3b3ccqo1dqohvtsi5", "user_agent": "Mozilla/5.0 (Windows NT 10.0; Win64; x64) AppleWebKit/537.36 (KHTML, like Gecko) Chrome/87.0.4280.66 Safari/537.36 Edg/87.0.664.41", "timestamp": "2020-11-21T22:23:13.616Z", "path": "/admin/login/?next=/admin/sitetree/tree/1/change/"}}, {"model": "admin_honeypot.loginattempt", "pk": 4, "fields": {"username": "khusan", "ip_address": "127.0.0.1", "session_key": "9g9b104e6fnsvvf3b3ccqo1dqohvtsi5", "user_agent": "Mozilla/5.0 (Windows NT 10.0; Win64; x64) AppleWebKit/537.36 (KHTML, like Gecko) Chrome/87.0.4280.67 Safari/537.36 Edg/87.0.664.47", "timestamp": "2020-11-24T14:56:35.516Z", "path": "/admin/login/?next=/admin/"}}, {"model": "rentals.propertycategory", "pk": 1, "fields": {"title": "Homes for Sale", "description": "homes for sale", "created": "2020-11-26T10:21:41.685Z"}}, {"model": "rentals.properties", "pk": 1, "fields": {"title": "What is Broker?", "size": "0.03", "price": "23.00", "bedroom": 1, "bathroom": 1, "available_from": "2020-11-04", "status": "1", "purpose": "0", "category": 1, "year_built": 1, "garage": 1, "floor": 1, "total_floor": 1, "internet": "available", "description": "<p>test</p>", "pet_policy": "1", "created": "2020-11-26T10:25:11.003Z", "featured": true, "house_number": "23", "street": "Rehininghouser", "city": "Gummersbach", "region": "Nordrhein-Westfalen", "postal_Code": "", "country": "Germany", "latitude": "51.0236670000000000", "longitude": "7.5538160000000000", "slug": "what-is-broker", "feature": []}}, {"model": "rentals.properties", "pk": 2, "fields": {"title": "What is Broker?", "size": "0.03", "price": "23.00", "bedroom": 1, "bathroom": 1, "available_from": "2020-11-04", "status": "1", "purpose": "0", "category": 1, "year_built": 1, "garage": 1, "floor": 1, "total_floor": 1, "internet": "available", "description": "<p>test</p>", "pet_policy": "1", "created": "2020-11-26T10:25:17.450Z", "featured": true, "house_number": "23", "street": "Rehininghouser", "city": "Gummersbach", "region": "Nordrhein-Westfalen", "postal_Code": "", "country": "Germany", "latitude": "51.0236670000000000", "longitude": "7.5538160000000000", "slug": "what-is-broker-hxbr", "feature": []}}, {"model": "rentals.properties", "pk": 3, "fields": {"title": "What is Broker?", "size": "11.00", "price": "100.00", "bedroom": 1, "bathroom": 1, "available_from": "2020-11-13", "status": "1", "purpose": "1", "category": 1, "year_built": 1900, "garage": 0, "floor": 1, "total_floor": 1, "internet": "", "description": "<p>testing</p>", "pet_policy": "0", "created": "2020-11-26T22:49:50.484Z", "featured": true, "house_number": "", "street": "Rehininghouser", "city": "Gummersbach", "region": "Nordrhein-Westfalen", "postal_Code": "", "country": "Germany", "latitude": "51.0236670000000000", "longitude": "7.5538160000000000", "slug": "what-is-broker-9aaz", "feature": []}}, {"model": "rentals.properties", "pk": 4, "fields": {"title": "What is Broker?", "size": "11.00", "price": "100.00", "bedroom": 1, "bathroom": 1, "available_from": "2020-11-13", "status": "1", "purpose": "1", "category": 1, "year_built": 1900, "garage": 0, "floor": 1, "total_floor": 1, "internet": "", "description": "<p>testing</p>", "pet_policy": "0", "created": "2020-11-26T22:50:44.975Z", "featured": true, "house_number": "", "street": "Rehininghouser", "city": "Gummersbach", "region": "Nordrhein-Westfalen", "postal_Code": "", "country": "Germany", "latitude": "51.0236670000000000", "longitude": "7.5538160000000000", "slug": "what-is-broker-k54a", "feature": []}}, {"model": "rentals.properties", "pk": 5, "fields": {"title": "What is Broker?", "size": "11.00", "price": "100.00", "bedroom": 1, "bathroom": 1, "available_from": "2020-11-13", "status": "1", "purpose": "1", "category": 1, "year_built": 1900, "garage": 0, "floor": 1, "total_floor": 1, "internet": "", "description": "<p>testing</p>", "pet_policy": "0", "created": "2020-11-26T22:51:14.170Z", "featured": true, "house_number": "", "street": "Rehininghouser", "city": "Gummersbach", "region": "Nordrhein-Westfalen", "postal_Code": "", "country": "Germany", "latitude": "51.0236670000000000", "longitude": "7.5538160000000000", "slug": "what-is-broker-1t1b", "feature": []}}, {"model": "rentals.properties", "pk": 6, "fields": {"title": "What is Broker?", "size": "11.00", "price": "100.00", "bedroom": 1, "bathroom": 1, "available_from": "2020-11-13", "status": "1", "purpose": "1", "category": 1, "year_built": 1900, "garage": 0, "floor": 1, "total_floor": 1, "internet": "", "description": "<p>testing</p>", "pet_policy": "0", "created": "2020-11-26T22:52:07.756Z", "featured": true, "house_number": "", "street": "Rehininghouser", "city": "Gummersbach", "region": "Nordrhein-Westfalen", "postal_Code": "", "country": "Germany", "latitude": "51.0236670000000000", "longitude": "7.5538160000000000", "slug": "what-is-broker-ii7n", "feature": []}}, {"model": "rentals.properties", "pk": 7, "fields": {"title": "What is Broker?", "size": "11.00", "price": "100.00", "bedroom": 1, "bathroom": 1, "available_from": "2020-11-13", "status": "1", "purpose": "1", "category": 1, "year_built": 1900, "garage": 0, "floor": 1, "total_floor": 1, "internet": "", "description": "<p>testing</p>", "pet_policy": "0", "created": "2020-11-26T23:15:29.631Z", "featured": true, "house_number": "", "street": "Rehininghouser", "city": "Gummersbach", "region": "Nordrhein-Westfalen", "postal_Code": "", "country": "Germany", "latitude": "51.0236670000000000", "longitude": "7.5538160000000000", "slug": "what-is-broker-oa7q", "feature": []}}, {"model": "rentals.picture", "pk": 1, "fields": {"title": "What is Broker?", "properties": 1, "description": null, "picture": "media/2526542980.jpg", "created": "2020-11-26T10:25:11.029Z"}}, {"model": "rentals.picture", "pk": 2, "fields": {"title": "What is Broker?", "properties": 2, "description": null, "picture": "media/2196206970.jpg", "created": "2020-11-26T10:25:17.476Z"}}, {"model": "rentals.picture", "pk": 3, "fields": {"title": null, "properties": 7, "description": null, "picture": "media/1913528854.jpg", "created": "2020-11-26T23:15:16.509Z"}}, {"model": "rentals.picture", "pk": 4, "fields": {"title": null, "properties": 7, "description": null, "picture": "media/3203171161.jpg", "created": "2020-11-26T23:15:24.827Z"}}]